{
  "APR4_EPP": 1.035688014600564,
  "H4": 0.04879557973858276,
  "MS1": 0.0003182863512071218
}