{
  "APR4_EPP": 1.0356885536193436,
  "H4": 0.04879531457212945,
  "MS1": 0.0003182863623017216
}