{
  "AP4": [
    1.4329703190866736,
    1.437027200871146,
    1.5265692266293336
  ],
  "APR4_EPP": [
    1.5253508166935692,
    1.533026613659153
  ],
  "BBB2": [
    1.399087719680392,
    1.08760641626866,
    1.5846168970790673
  ],
  "BHF_BBB2": [
    1.5551569196813608,
    1.5915734392598269
  ],
  "HQC18": [
    1.422212668236276,
    1.5145636441366173
  ],
  "KDE0V": [
    1.177159662936012,
    1.0599647940329449
  ],
  "KDE0V1": [
    1.28305710056798,
    1.5201732239758652
  ],
  "MPA1": [
    0.276335012889254,
    0.27564457861937125,
    0.3398638813311517
  ],
  "MS1": [
    0.00033916481130601595,
    0.0006769979854441922,
    0.0011256318747814337
  ],
  "MS1B": [
    0.0006464471031957743,
    0.006735498334894044
  ],
  "MS1B_PP": [
    0.00899208468477044,
    0.006735498334894044
  ],
  "MS1_PP": [
    0.0010775061397696245,
    0.0006769979854441922
  ],
  "RS": [
    0.1764443806730266,
    0.14471828456973077
  ],
  "SK255": [
    0.178691649100804,
    0.29233813021798577
  ],
  "SK272": [
    0.15909289471221788,
    0.15108706354392032
  ],
  "SKI2": [
    0.10821571066902241,
    0.05900733702660963
  ],
  "SKI3": [
    0.10708804555570538,
    0.0765810350915377
  ],
  "SKI4": [
    0.3303272427958818,
    0.2936098756165513
  ],
  "SKI5": [
    0.025468235071340304,
    0.007842019984950285
  ],
  "SKI6": [
    0.2881505379856549,
    0.27402074046278213
  ],
  "SKMP": [
    0.2900297387693167,
    0.23901020603368472
  ],
  "SKOP": [
    0.6175425218959683,
    0.47703773281458345
  ],
  "SLY": [
    0.6978511604046105,
    0.5830260770589726,
    0.7941485398181652
  ],
  "SLY2": [
    1.0282680362790007,
    1.2690762898898549
  ],
  "SLY230A": [
    0.9323208091803123,
    0.8776602675706351
  ],
  "SLY9": [
    0.37012923711100654,
    0.43058787836486273
  ]
}