{
  "BBB2": [
    33.38295609455638,
    3.3854085173504522,
    3.0398247516493555,
    3.156803172369199,
    0.007540335410840132
  ],
  "KDE0V": [
    33.37217716491824,
    2.6096197215155787,
    2.366406547399917,
    2.2873966983578224,
    0.007489784528921649
  ],
  "RS": [
    33.60996655004284,
    2.8758626615105887,
    3.4182317053657787,
    2.7266235258622054,
    0.00742871949142018
  ],
  "SK255": [
    33.55080882234776,
    2.6168480380843007,
    2.8984634513449565,
    2.5282721765465537,
    0.007417271276087746
  ],
  "SKI2": [
    33.69274464869816,
    2.9370344362087835,
    3.3237858245582563,
    2.775351973079936,
    0.007454817768026825
  ],
  "SKI3": [
    33.68310884253367,
    3.0217936251183035,
    3.091706702140983,
    2.844275478829267,
    0.0074664528461975835
  ],
  "SKI5": [
    33.76515600741222,
    2.922836796444372,
    3.3129013732418526,
    3.4339825299418885,
    0.007456367962555035
  ],
  "SKMP": [
    33.52925986954798,
    2.8721749809129875,
    2.907142825294206,
    2.919807890341082,
    0.007582472666641868
  ]
}