{
  "BHF_BBB2": [
    33.32546410593874,
    3.200011329110835,
    3.163426952585129,
    3.2607962543562135,
    0.007517344272201245
  ],
  "HQC18": [
    33.282230003716776,
    2.3365928175342994,
    3.385803066170512,
    2.6856108143430295,
    0.007402112463046172
  ],
  "KDE0V": [
    33.397422615185114,
    2.719232579189394,
    3.0136415525512237,
    2.9267480121292784,
    0.007453758666531872
  ],
  "KDE0V1": [
    33.36878644259126,
    2.7914747645904714,
    3.2711375291287847,
    3.2652028119058096,
    0.00750601981452958
  ],
  "RS": [
    33.58392230860009,
    2.780521598063543,
    2.8208897531446837,
    2.73426080159859,
    0.007437814324919146
  ],
  "SK255": [
    33.543225827423115,
    2.6036870243026566,
    2.8662695368070064,
    2.794995863537329,
    0.0073224946759396226
  ],
  "SKMP": [
    33.556315027845365,
    3.0132176491541296,
    3.780341236301955,
    3.7430473945173355,
    0.007413332248004784
  ],
  "SLY2": [
    33.39203075787406,
    2.999524311850077,
    4.042921948805185,
    3.7632153170647653,
    0.007479924348825975
  ]
}