{
  "AP4": [
    0.007552465814296252,
    0.007363115877101379
  ],
  "APR4_EPP": [
    0.0075605413993473525
  ],
  "BBB2": [
    0.007537035960850115,
    0.007267575455405401
  ],
  "BHF_BBB2": [
    0.007597876066546426
  ],
  "HQC18": [
    0.007431735811405486
  ],
  "KDE0V": [
    0.0075335243073088734
  ],
  "KDE0V1": [
    0.007549415513276448
  ],
  "MPA1": [
    0.007511788044013915,
    0.007308461089250497
  ],
  "MS1": [
    0.007115313107688416,
    0.007114117567787638
  ],
  "MS1B": [
    0.007128678271982461
  ],
  "MS1B_PP": [
    0.007499606596925831
  ],
  "MS1_PP": [
    0.00743374431948601
  ],
  "RS": [
    0.007503890956676175
  ],
  "SK255": [
    0.007590002573213203
  ],
  "SK272": [
    0.0075162604138317044
  ],
  "SKI2": [
    0.007453171342477494
  ],
  "SKI3": [
    0.0074766429746272196
  ],
  "SKI4": [
    0.00755281802010894
  ],
  "SKI5": [
    0.00744646644191211
  ],
  "SKI6": [
    0.0075864040427034395
  ],
  "SKMP": [
    0.007500964017378578
  ],
  "SKOP": [
    0.007527593726154754
  ],
  "SLY": [
    0.007559172790254145,
    0.007336526294577487
  ],
  "SLY2": [
    0.007613421805290862
  ],
  "SLY230A": [
    0.007617520954783294
  ],
  "SLY9": [
    0.007554250692209816
  ]
}