{
  "AP4": [
    33.29409133121101,
    2.810038583342889,
    3.4200355256657593,
    3.442897345803459,
    0.007552465814296252
  ],
  "APR4_EPP": [
    33.26450040116298,
    2.8425182048422966,
    3.6041858821545545,
    3.443561297822232,
    0.0075605413993473525
  ],
  "BBB2": [
    33.38009664428772,
    3.350816606537494,
    2.9128885375511855,
    2.957866596134232,
    0.007537035960850115
  ],
  "BHF_BBB2": [
    33.33981049431713,
    3.204831631751821,
    2.5296107702382513,
    2.5731529387879917,
    0.007597876066546426
  ],
  "HQC18": [
    33.286052585092,
    2.3500150073046533,
    3.0125608373812236,
    2.249175222111492,
    0.007431735811405486
  ],
  "KDE0V": [
    33.38018706590934,
    2.6239781120762373,
    2.6599048080263303,
    2.538882759316517,
    0.0075335243073088734
  ],
  "KDE0V1": [
    33.36064572570767,
    2.7366201811128823,
    2.7688150491918586,
    2.5938938718375817,
    0.007549415513276448
  ],
  "MPA1": [
    33.504348879943265,
    3.272611979610619,
    2.9010182933554205,
    2.4876916296944076,
    0.007511788044013915
  ],
  "MS1": [
    33.86711507799162,
    3.249700980956663,
    3.1030437337481174,
    2.789813238207654,
    0.00743374431948601
  ],
  "MS1B": [
    33.8619461139233,
    3.4865365303555453,
    2.9988352459276713,
    2.4903970414233543,
    0.007499606596925831
  ],
  "MS1B_PP": [
    33.8619461139233,
    3.4865365303555453,
    2.9988352459276713,
    2.4903970414233543,
    0.007499606596925831
  ],
  "MS1_PP": [
    33.86711507799162,
    3.249700980956663,
    3.1030437337481174,
    2.789813238207654,
    0.00743374431948601
  ],
  "RS": [
    33.61418880125568,
    2.8918620531124883,
    3.202542447430327,
    3.3452741643155397,
    0.007503890956676175
  ],
  "SK255": [
    33.54172940355556,
    2.581787425399269,
    2.642963598642015,
    2.5797139557963424,
    0.007590002573213203
  ],
  "SK272": [
    33.56129632140026,
    2.662451536001178,
    2.7413782962400344,
    2.5963387244281115,
    0.0075162604138317044
  ],
  "SKI2": [
    33.68000167757364,
    2.8893449247585323,
    3.2041878324390054,
    2.9602650153951955,
    0.007453171342477494
  ],
  "SKI3": [
    33.676917861837836,
    2.9941369811556418,
    3.062485109060793,
    3.11511896423759,
    0.0074766429746272196
  ],
  "SKI4": [
    33.529193510579475,
    3.241869307503725,
    3.3883123342447905,
    2.905878244756905,
    0.00755281802010894
  ],
  "SKI5": [
    33.753979117614556,
    2.889622767005204,
    3.137955942738383,
    3.5122023274098613,
    0.00744646644191211
  ],
  "SKI6": [
    33.54113206732938,
    3.2146539983958844,
    3.1806275819216197,
    2.9450868210506966,
    0.0075864040427034395
  ],
  "SKMP": [
    33.52756095635366,
    2.850331635486193,
    3.0406172039312604,
    2.946133844724936,
    0.007500964017378578
  ],
  "SKOP": [
    33.4589897405129,
    2.7070069457741894,
    2.7013840972339302,
    2.7031554272665996,
    0.007527593726154754
  ],
  "SLY": [
    33.399544610290455,
    2.9398033950367175,
    2.997137910270747,
    2.8899843352494896,
    0.007559172790254145
  ],
  "SLY2": [
    33.39216091560343,
    2.9266296178771403,
    2.852226534741267,
    2.6696570511663933,
    0.007613421805290862
  ],
  "SLY230A": [
    33.40425895043224,
    3.203220000836345,
    3.3057594705962656,
    2.9841495667657556,
    0.007617520954783294
  ],
  "SLY9": [
    33.49552512048744,
    3.0001860302746657,
    2.8961788069235976,
    2.6987165586952364,
    0.007554250692209816
  ]
}