{
  "TaylorLTs": {
    "APR4_EPP": [
      1.3792604819219976,
      0.04989787692859986
    ],
    "BHF_BBB2": [
      1.4288459567222995,
      0.05961740686016598
    ],
    "H4": [
      0.07750891329600078,
      0.01128576953647481
    ],
    "HQC18": [
      1.3424256928324787,
      0.04223102278057487
    ],
    "KDE0V": [
      1.2389352652125556,
      0.026790115062793406
    ],
    "MPA1": [
      0.20825763103316802,
      0.02231284555907775
    ],
    "MS1B_PP": [
      0.010705257020851684,
      0.004158797803008087
    ],
    "MS1_PP": [
      0.0031565013574189438,
      0.0022527567971316054
    ],
    "SKMP": [
      0.23935773119856263,
      0.02589594176217781
    ],
    "SKOP": [
      0.686972342784698,
      0.025783820674946254
    ]
  },
  "TaylorLs": {
    "APR4_EPP": [
      1.027164881569439,
      0.04561456049934786
    ],
    "BHF_BBB2": [
      0.9613393609952248,
      0.061187967205223126
    ],
    "H4": [
      0.07218626144853688,
      0.019250322207317105
    ],
    "HQC18": [
      1.0431115716850587,
      0.050663695302742374
    ],
    "KDE0V": [
      1.0554149809040863,
      0.02447399521879776
    ],
    "MPA1": [
      0.31727777897518944,
      0.04504974269684135
    ],
    "MS1B_PP": [
      0.011653988547084309,
      0.007491619421535609
    ],
    "MS1_PP": [
      0.0019338336023550602,
      0.0030796357452419613
    ],
    "SKMP": [
      0.3597692998267848,
      0.043148510170710454
    ],
    "SKOP": [
      0.7846528900860729,
      0.0328658924241947
    ]
  },
  "high-spin-Phenom": {
    "APR4_EPP": [
      1.784714945962579,
      0.12937247456089251
    ],
    "BHF_BBB2": [
      1.9444022892374473,
      0.14519622117522063
    ],
    "H4": [
      0.03642637760836213,
      0.014132955097122176
    ],
    "HQC18": [
      1.6059077388049818,
      0.09750994372275347
    ],
    "KDE0V": [
      1.261081196851022,
      0.04511849425845431
    ],
    "MPA1": [
      0.5462809308131109,
      0.06707634299729756
    ],
    "MS1B_PP": [
      0.005544973578462307,
      0.0042021397072084955
    ],
    "MS1_PP": [
      0.0023736615611240825,
      0.0026475747411957664
    ],
    "SKMP": [
      0.5493439949255386,
      0.08064466037091955
    ],
    "SKOP": [
      0.7091130797540359,
      0.05568801265986951
    ]
  },
  "low-spin-Phenom": {
    "APR4_EPP": [
      1.7361529465877399,
      0.15484100449060506
    ],
    "BHF_BBB2": [
      1.9400338312294498,
      0.2013662082014702
    ],
    "H4": [
      0.022907811267651162,
      0.01705808461093525
    ],
    "HQC18": [
      1.6088014458708397,
      0.11464401366658333
    ],
    "KDE0V": [
      1.3269042799063089,
      0.05761031427759003
    ],
    "MPA1": [
      0.5010614317028205,
      0.08577613983994628
    ],
    "MS1B_PP": [
      0.0007150222034033355,
      0.002744859516699591
    ],
    "MS1_PP": [
      0.0016016099798459753,
      0.004272488751143309
    ],
    "SKMP": [
      0.5162683860724971,
      0.07968559817949816
    ],
    "SKOP": [
      0.6688783108735983,
      0.06373018919831215
    ]
  }
}