{
  "APR4_EPP": 2.15916821879293,
  "BHF_BBB2": 1.922260516215358,
  "H4": 2.0314733615249767,
  "HQC18": 2.045244774210431,
  "KDE0V": 1.9602294266621612,
  "KDE0V1": 1.9694763683177656,
  "MPA1": 2.4686453624633615,
  "MS1B_PP": 2.746514366591564,
  "MS1_PP": 2.7528258404680375,
  "RS": 2.116654722383641,
  "SK255": 2.1441884455088243,
  "SK272": 2.2315739991900734,
  "SKI2": 2.1629259035620607,
  "SKI3": 2.2399004402620784,
  "SKI4": 2.169553351899146,
  "SKI5": 2.2401929452138343,
  "SKI6": 2.1899534425044274,
  "SKMP": 2.10717895544632,
  "SKOP": 1.9729191255084675,
  "SLY2": 2.053756669436263,
  "SLY230A": 2.0991612364168364,
  "SLY9": 2.1560955645155784
}