{
  "AP4": {
    "all_bf": [
      1.4329703190866736,
      1.07830841262849
    ],
    "all_bf_err": [
      0.07224948364659503,
      0.035960553070223486
    ],
    "joint_bf": 1.545183950118092,
    "joint_bf_array": [
      1.4741432892550632,
      1.4776528367822237,
      1.4080710043511948,
      1.4575613828463647,
      1.5379884231668546
    ]
  },
  "APR4_EPP": {
    "all_bf": [
      1.5253508166935692,
      1.0603118482779805
    ],
    "all_bf_err": [
      0.04252295832665929,
      0.06317204931517843
    ],
    "joint_bf": 1.6173475437206855,
    "joint_bf_array": [
      1.508867138292953,
      1.5154221538641333,
      1.5266853811200025,
      1.4897367086124618,
      1.63774149866553
    ]
  }
}