{
  "APR4_EPP": 1.048947272305943,
  "H4": 0.06531304445448999,
  "MS1": 0.00030011783911443383
}