{
  "APR4_EPP": 1.0489477522997668,
  "H4": 0.06531268606832909,
  "MS1": 0.00030012030214098093
}