{
  "KDE0V": [
    33.398160747774945,
    2.7192360707633876,
    3.203106121314054,
    3.359770789279298,
    0.007471568029830695
  ],
  "RS": [
    33.59233062866492,
    2.8160181267674984,
    3.1141640615171964,
    3.049863369934964,
    0.007410647427780562
  ],
  "SKI2": [
    33.66524118092409,
    2.871724662840916,
    2.9786516727150567,
    3.07052885019186,
    0.007345311299951605
  ],
  "SKMP": [
    33.520614737540015,
    2.8211981167681968,
    3.033211676996277,
    2.778001535145421,
    0.007445499572520918
  ]
}