{
  "BBB2": [
    33.38398170905764,
    3.3408947171229384,
    2.936767122680841,
    3.072891536293506,
    0.0075411921288791334
  ],
  "BHF_BBB2": [
    33.33700457125352,
    3.2142052715754117,
    2.8393440753622485,
    2.8307263720785736,
    0.007550528979865745
  ],
  "KDE0V": [
    33.41117662316896,
    2.766428214922059,
    3.267831757175933,
    3.7180372904230032,
    0.0074557341722522935
  ],
  "KDE0V1": [
    33.362076931273904,
    2.7450619796290896,
    2.8882925127948096,
    2.7512934074922732,
    0.00751250857217018
  ],
  "MS1": [
    33.93029116680985,
    3.245799239039358,
    3.513208890569909,
    1.7081189416922027,
    0.007271908379703602
  ],
  "RS": [
    33.61189018596629,
    2.8879478006699015,
    3.468928314583647,
    2.8264832723056705,
    0.0074256197012238555
  ],
  "SK255": [
    33.567836159274755,
    2.670113422879205,
    2.8425869842071325,
    3.0289370327236247,
    0.00739534925025416
  ],
  "SKI2": [
    33.682114478016295,
    2.909917431235657,
    3.073082424963004,
    3.4092580124641443,
    0.0074501200774611176
  ],
  "SKI3": [
    33.69830550473363,
    3.0728702302868833,
    3.18839662991113,
    3.115119834791251,
    0.007417436071871611
  ],
  "SKI5": [
    33.752129108306725,
    2.8869603942061186,
    3.267883471281437,
    2.902462087265527,
    0.0073845271036351015
  ],
  "SKMP": [
    33.54652172104792,
    2.9577095682311665,
    3.442590418999794,
    3.147155388635378,
    0.0074504593915583756
  ]
}