{
  "BBB2": [
    33.39004634085925,
    3.4126515730522615,
    2.9056880599001267,
    3.2313278442371076,
    0.007518717757757828
  ],
  "BHF_BBB2": [
    33.32112213386075,
    3.204565344074659,
    3.3641224792917175,
    3.5321820375004096,
    0.007534434776944979
  ],
  "HQC18": [
    33.254134587405794,
    2.268677161440445,
    2.4756793299922375,
    1.8396100643801307,
    0.007432756226130839
  ],
  "KDE0V": [
    33.37856799373353,
    2.61159920062147,
    2.272840001828773,
    2.309526265902233,
    0.007447086267798291
  ],
  "KDE0V1": [
    33.37791189312416,
    2.8067333284677054,
    3.230158793507799,
    3.2718298311539638,
    0.007468638660632245
  ],
  "MPA1": [
    33.51435876422562,
    3.3267438127906654,
    3.002657554800983,
    2.6160296779210763,
    0.007497763241871503
  ],
  "MS1": [
    33.85481533983553,
    3.2257382155221563,
    2.8174512100837896,
    2.1199716922270984,
    0.00731734453998835
  ],
  "MS1B": [
    33.894135150335266,
    3.3675522350140783,
    3.0441073750935024,
    2.901664702437839,
    0.007325972839162315
  ],
  "MS1_PP": [
    33.85481533983553,
    3.2257382155221563,
    2.8174512100837896,
    2.1199716922270984,
    0.00731734453998835
  ],
  "RS": [
    33.6083173233335,
    2.8613648204288893,
    3.2194177503492387,
    3.674998103128914,
    0.007388077095108641
  ],
  "SK255": [
    33.565010370010185,
    2.639855275317054,
    3.3105834463306847,
    2.5846569309726806,
    0.007362272429961724
  ],
  "SK272": [
    33.569266994954276,
    2.67318642605546,
    2.9651511836224067,
    2.3967444081684723,
    0.00739118555644362
  ],
  "SKI2": [
    33.702605677566865,
    2.971493900301803,
    3.3595224400064225,
    2.985820075313445,
    0.007421600985004658
  ],
  "SKI3": [
    33.67564935414069,
    2.9814762385598303,
    3.144800600691818,
    2.5182737874025096,
    0.007449424092230696
  ],
  "SKI4": [
    33.5204193117884,
    3.196031304834597,
    2.8642229273279147,
    2.8019654302220554,
    0.007490411975966648
  ],
  "SKI5": [
    33.76060823427826,
    2.9062394628638177,
    3.2731972988598157,
    3.3273080791432825,
    0.007423423507775059
  ],
  "SKMP": [
    33.549141578072216,
    2.945509799173391,
    3.41696292206621,
    3.3488567736847896,
    0.007509936561310188
  ],
  "SLY2": [
    33.39582448514598,
    2.932230055130566,
    3.0293111553201357,
    2.6965748525965396,
    0.007446512653016464
  ]
}