{
  "BBB2": [
    33.376972018626724,
    3.4000874853780374,
    3.3932743453227077,
    3.7244655067063537,
    0.007547711215817697
  ],
  "BHF_BBB2": [
    33.336296744685065,
    3.2484609136518943,
    2.7310881881653812,
    2.6903726636893195,
    0.007573430974702459
  ],
  "KDE0V": [
    33.3704129162755,
    2.5907329052062846,
    2.4567876613445714,
    2.387036336824571,
    0.007520644814635382
  ],
  "KDE0V1": [
    33.36214764576609,
    2.748743628412037,
    2.688539537746253,
    2.5727385352427734,
    0.00752932771164575
  ],
  "MS1": [
    33.92440849651022,
    3.2385770596974908,
    3.3780650684604847,
    2.096509814792764,
    0.00727678292365743
  ],
  "RS": [
    33.603021508445785,
    2.8367915899693426,
    3.097424535039364,
    3.1656252214225336,
    0.007475617734554316
  ],
  "SK255": [
    33.56375717629263,
    2.6477276080358347,
    3.037635638885683,
    2.7217877842172102,
    0.007437252327543247
  ],
  "SKI2": [
    33.68396403517293,
    2.9083437742499445,
    3.067336042849389,
    3.3324987889528517,
    0.007559345841930045
  ],
  "SKI3": [
    33.68887479052285,
    3.0365088080393043,
    3.3037270871532933,
    2.484192551928654,
    0.007452643111365019
  ],
  "SKI5": [
    33.77577107808708,
    2.958555331522247,
    3.3941169440145886,
    3.6157566634113163,
    0.007486788229969821
  ],
  "SKMP": [
    33.536975487028094,
    2.9018047711201196,
    3.193025245297369,
    3.1197239391889013,
    0.007547637321133003
  ]
}