{
  "AP4": [
    33.29487071059581,
    2.823991919587103,
    3.3909792179156932,
    3.381329084078377,
    0.007564836046987947
  ],
  "APR4_EPP": [
    33.275399244401434,
    2.881652000854998,
    3.380399843127479,
    3.2762125079818984,
    0.00752645200979251
  ],
  "BBB2": [
    33.38069332634196,
    3.4497633079791017,
    3.1837417370234453,
    3.523314929394923,
    0.007502384539175494
  ],
  "BHF_BBB2": [
    33.3329419422338,
    3.1770761109702423,
    2.740702579743327,
    2.7554591574705904,
    0.007524850814144075
  ],
  "HQC18": [
    33.28416549544916,
    2.3801902642256314,
    2.6697908173251417,
    2.0815753843364297,
    0.0074159697326987685
  ],
  "KDE0V": [
    33.39921136624919,
    2.698578168619508,
    2.8283825297132443,
    2.9331176255036393,
    0.007500114302113965
  ],
  "KDE0V1": [
    33.35621723914853,
    2.706754954478618,
    2.621478054593902,
    2.376132229356881,
    0.0075095571497944946
  ],
  "MPA1": [
    33.51561986643783,
    3.4054110674238833,
    3.708699908014056,
    2.402936802084108,
    0.007490189345777917
  ],
  "MS1": [
    33.8751081247826,
    3.273537952674393,
    3.1843799138073696,
    1.8673056320336074,
    0.007405457658056403
  ],
  "MS1B": [
    33.88378946584218,
    3.566198870656115,
    3.2005932806479227,
    1.6419716607706036,
    0.0074066958725437365
  ],
  "MS1B_PP": [
    33.88378946584218,
    3.566198870656115,
    3.2005932806479227,
    1.6419716607706036,
    0.0074066958725437365
  ],
  "MS1_PP": [
    33.8751081247826,
    3.273537952674393,
    3.1843799138073696,
    1.8673056320336074,
    0.007405457658056403
  ],
  "RS": [
    33.60655603740515,
    2.8693396165020966,
    3.252499470013728,
    3.2651416678177223,
    0.007450265124963991
  ],
  "SK255": [
    33.52543740990355,
    2.548586926360099,
    2.325525572650416,
    2.5342815557854386,
    0.007394380425694455
  ],
  "SK272": [
    33.588733862933196,
    2.7427610819145167,
    2.900701222000313,
    2.9272614021046213,
    0.0073888339954919805
  ],
  "SKI2": [
    33.66608616136382,
    2.8527655658257323,
    2.9636185507665935,
    3.0947218668634853,
    0.007438626065292143
  ],
  "SKI3": [
    33.66851062292938,
    2.9567937155183577,
    2.7712084519856086,
    3.010909641731435,
    0.007417408645030599
  ],
  "SKI4": [
    33.51968862393334,
    3.149893266883118,
    3.050930689186063,
    2.705869836428373,
    0.007455473509835651
  ],
  "SKI5": [
    33.762440654447886,
    2.9205570109763386,
    3.264250319864321,
    2.927470226230639,
    0.007439462291789066
  ],
  "SKI6": [
    33.52760130470188,
    3.120817172643776,
    3.0012770608107564,
    2.7308000928729723,
    0.007493371109730404
  ],
  "SKMP": [
    33.522950693200706,
    2.8329319587576176,
    3.1207125692065443,
    2.771350533890293,
    0.0074372150985303805
  ],
  "SKOP": [
    33.46137304916373,
    2.702363696364105,
    2.960289307937947,
    2.7204353651569657,
    0.007490357819738429
  ],
  "SLY": [
    33.400732859925895,
    2.9958450829499914,
    3.220253701293087,
    3.1930228961105778,
    0.0074914824525777034
  ],
  "SLY2": [
    33.39287252225907,
    2.911136457986876,
    2.7208034811182866,
    2.586012492983186,
    0.007540650621501847
  ],
  "SLY230A": [
    33.41265369457033,
    3.228009528421236,
    3.074629645920749,
    2.918099460196729,
    0.007533631375314955
  ],
  "SLY9": [
    33.49559544322338,
    3.0012775345334113,
    2.732488153453219,
    2.66119026070225,
    0.007485815163268452
  ]
}