{
  "AP4": [
    1.4329703190866736,
    1.4241894358207379,
    1.5265692266293336
  ],
  "APR4_EPP": [
    1.5253508166935692,
    1.476076433261287
  ],
  "BBB2": [
    1.399087719680392,
    1.277439106600788,
    1.5846168970790673
  ],
  "BHF_BBB2": [
    1.5551569196813608,
    1.587698215496434
  ],
  "HQC18": [
    1.422212668236276,
    1.6101795325587074
  ],
  "KDE0V": [
    1.177159662936012,
    1.3518276341744107
  ],
  "KDE0V1": [
    1.28305710056798,
    1.4305566426835372
  ],
  "MPA1": [
    0.276335012889254,
    0.3905382368279317,
    0.3398638813311517
  ],
  "MS1": [
    0.00033916481130601595,
    0.0008152774035200665,
    0.0011256318747814337
  ],
  "MS1B": [
    0.0006464471031957743,
    0.00870732162917323
  ],
  "MS1B_PP": [
    0.00899208468477044,
    0.00870732162917323
  ],
  "MS1_PP": [
    0.0010775061397696245,
    0.0008152774035200665
  ],
  "RS": [
    0.1764443806730266,
    0.1403466346451222
  ],
  "SK255": [
    0.178691649100804,
    0.1990857268375886
  ],
  "SK272": [
    0.15909289471221788,
    0.17457116913154233
  ],
  "SKI2": [
    0.10821571066902241,
    0.048819151275858834
  ],
  "SKI3": [
    0.10708804555570538,
    0.06761130735143248
  ],
  "SKI4": [
    0.3303272427958818,
    0.2544512871524286
  ],
  "SKI5": [
    0.025468235071340304,
    0.009074019702304119
  ],
  "SKI6": [
    0.2881505379856549,
    0.24199470021467787
  ],
  "SKMP": [
    0.2900297387693167,
    0.23688833476048304
  ],
  "SKOP": [
    0.6175425218959683,
    0.6129857423228804
  ],
  "SLY": [
    0.6978511604046105,
    0.6872915032969212,
    0.7941485398181652
  ],
  "SLY2": [
    1.0282680362790007,
    1.1658466357259527
  ],
  "SLY230A": [
    0.9323208091803123,
    0.8003051517339557
  ],
  "SLY9": [
    0.37012923711100654,
    0.3859678902618872
  ]
}