{
  "UniformP (L1,L2)": {
    "APR4_EPP": [
      0.9036579005255577,
      0.015929418631786707
    ],
    "BHF_BBB2": [
      0.8614683616164079,
      0.02153840807030889
    ],
    "H4": [
      1.8218079192710008,
      0.15874242595800192
    ],
    "HQC18": [
      0.9200146426333587,
      0.013226735597720184
    ],
    "KDE0V": [
      0.942571305913558,
      0.008669431317592702
    ],
    "MPA1": [
      1.3529759191007766,
      0.05783761895459765
    ],
    "MS1B_PP": [
      1.8686600621270841,
      0.2030288990843505
    ],
    "MS1_PP": [
      1.772438652481006,
      0.20153570349850147
    ],
    "SKMP": [
      1.2861554373691546,
      0.047418727001485916
    ],
    "SKOP": [
      1.081545013623425,
      0.013618388216450093
    ]
  },
  "UniformP (L1,L2), BILBY reweight": {
    "APR4_EPP": [
      0.8752027727852516,
      0.02760158315619874
    ],
    "BHF_BBB2": [
      0.8752832975028106,
      0.036033981477050295
    ],
    "H4": [
      2.1671156786594303,
      0.25507198355153193
    ],
    "HQC18": [
      0.8944196028261421,
      0.024292989737235204
    ],
    "KDE0V": [
      0.9675123751960183,
      0.012654189535189366
    ],
    "MPA1": [
      1.2575471040483903,
      0.0748041403211493
    ],
    "MS1B_PP": [
      2.3806811846169236,
      0.32407552027871733
    ],
    "MS1_PP": [
      2.6460659601476784,
      0.3602332826212648
    ],
    "SKMP": [
      1.3485212628109,
      0.08055225513496582
    ],
    "SKOP": [
      1.145542136239296,
      0.027251973439800348
    ]
  },
  "UniformP (L1,L2), MOCK reweight": {
    "APR4_EPP": [
      0.9575110356952301,
      0.06789363257648423
    ],
    "BHF_BBB2": [
      0.9384482820505453,
      0.07579785126015787
    ],
    "H4": [
      1.3089307868757878,
      0.532437309467957
    ],
    "HQC18": [
      0.9649067398494173,
      0.05821788346128143
    ],
    "KDE0V": [
      0.9762818692131906,
      0.02586537231040292
    ],
    "MPA1": [
      1.1011878982694758,
      0.16769859227352826
    ],
    "MS1B_PP": [
      1.0256905572942285,
      0.5148010872044722
    ],
    "MS1_PP": [
      0.9411022371767906,
      0.5248197441363017
    ],
    "SKMP": [
      1.1197879381136757,
      0.16540896951772324
    ],
    "SKOP": [
      1.0433444022995593,
      0.06092277650005518
    ]
  },
  "UniformP (dL~,L~)": {
    "APR4_EPP": [
      0.9992516351700973,
      0.011709943454220656
    ],
    "BHF_BBB2": [
      0.9933207051035197,
      0.01771338895215092
    ],
    "H4": [
      0.8580712434449083,
      0.07544975702284519
    ],
    "HQC18": [
      1.0000110648125111,
      0.009889322908195506
    ],
    "KDE0V": [
      0.9949696273504979,
      0.006783715534438307
    ],
    "MPA1": [
      0.9947090093483562,
      0.038221467584355025
    ],
    "MS1B_PP": [
      0.624563962577567,
      0.07154985870101997
    ],
    "MS1_PP": [
      0.5395976948074074,
      0.06957666459675914
    ],
    "SKMP": [
      0.9906627471985204,
      0.03178794649189672
    ],
    "SKOP": [
      0.9957973564734333,
      0.009402738241458524
    ]
  }
}