{
  "UniformP (L1,L2)": {
    "APR4_EPP": [
      0.7474596684966474,
      0.030154584099131312
    ],
    "BHF_BBB2": [
      0.6561426073230989,
      0.03585353973675338
    ],
    "H4": [
      0.5303895506232434,
      0.061850784225118145
    ],
    "HQC18": [
      0.7950920132646342,
      0.025400168779803875
    ],
    "KDE0V": [
      0.8834889613801062,
      0.015690976704177465
    ],
    "MPA1": [
      1.2084086906377276,
      0.0853422149422428
    ],
    "MS1B_PP": [
      0.19290415032064212,
      0.031771704355772326
    ],
    "MS1_PP": [
      0.11860833908758339,
      0.023937075876308764
    ],
    "SKMP": [
      1.2086292559982001,
      0.07974436512705375
    ],
    "SKOP": [
      1.135333754249075,
      0.031587890777819976
    ]
  },
  "UniformP (L1,L2), BILBY reweight": {
    "APR4_EPP": [
      0.8500671860381851,
      0.05497278200073323
    ],
    "BHF_BBB2": [
      0.8576231370600991,
      0.06547027167427637
    ],
    "H4": [
      2.4584598692703477,
      0.3497600651719413
    ],
    "HQC18": [
      0.8694952004345519,
      0.046578286502755244
    ],
    "KDE0V": [
      0.962693363630132,
      0.025384037200851868
    ],
    "MPA1": [
      1.4166350467544977,
      0.14304710686618244
    ],
    "MS1B_PP": [
      3.79437929437642,
      0.9260982929085965
    ],
    "MS1_PP": [
      4.510924426682356,
      1.4356526169910657
    ],
    "SKMP": [
      1.3916721539943688,
      0.13860674549166035
    ],
    "SKOP": [
      1.1468530071593643,
      0.0524517657244543
    ]
  },
  "UniformP (L1,L2), MOCK reweight": {
    "APR4_EPP": [
      0.7501484175248841,
      0.08587233482430277
    ],
    "BHF_BBB2": [
      0.6748054162771024,
      0.08856286673281577
    ],
    "H4": [
      0.3734463001993708,
      0.1675361838457941
    ],
    "HQC18": [
      0.7971344730242117,
      0.07095310160512643
    ],
    "KDE0V": [
      0.9043303193568084,
      0.03475458967487766
    ],
    "MPA1": [
      1.0514000122263643,
      0.19649185847773748
    ],
    "MS1B_PP": [
      0.12463869339845893,
      0.0583259428306801
    ],
    "MS1_PP": [
      0.07629602689791319,
      0.03932185780676553
    ],
    "SKMP": [
      1.1067497044389427,
      0.21644807388012
    ],
    "SKOP": [
      1.130234921469533,
      0.08260593085931735
    ]
  },
  "UniformP (dL~,L~)": {
    "APR4_EPP": [
      0.9214596317872178,
      0.03981127253934357
    ],
    "BHF_BBB2": [
      0.8670619331164822,
      0.04721496567038899
    ],
    "H4": [
      0.20204639003680103,
      0.03443653543226038
    ],
    "HQC18": [
      0.9412903034215443,
      0.033120314606983635
    ],
    "KDE0V": [
      0.9686888011063177,
      0.02030099485135418
    ],
    "MPA1": [
      0.8301948890568605,
      0.07770972461326203
    ],
    "MS1B_PP": [
      0.06703425470222645,
      0.018846911141625275
    ],
    "MS1_PP": [
      0.03245197174930708,
      0.01271784360620027
    ],
    "SKMP": [
      0.8573642358430137,
      0.07084257638208706
    ],
    "SKOP": [
      0.9841289746979818,
      0.033544946263915694
    ]
  }
}