{
  "UniformP (L1,L2)": {
    "APR4_EPP": [
      0.7591223813685402,
      0.03582596274153452
    ],
    "BHF_BBB2": [
      0.7086364158618368,
      0.0369071287127725
    ],
    "H4": [
      0.29885141676646476,
      0.039958624545764564
    ],
    "HQC18": [
      0.8169508488054272,
      0.03065896764556323
    ],
    "KDE0V": [
      0.925919077769026,
      0.013771141618424701
    ],
    "MPA1": [
      1.018245931552772,
      0.07946852559812478
    ],
    "MS1B_PP": [
      0.08495370840935472,
      0.02012998705003662
    ],
    "MS1_PP": [
      0.03798314913064808,
      0.012804161905224756
    ],
    "SKMP": [
      0.9834102771064432,
      0.07362876606564361
    ],
    "SKOP": [
      1.0705745965678188,
      0.04077226846873074
    ]
  },
  "UniformP (L1,L2), BILBY reweight": {
    "APR4_EPP": [
      0.8014374179584998,
      0.06775117346162221
    ],
    "BHF_BBB2": [
      0.8583917581582872,
      0.07393518381033465
    ],
    "H4": [
      2.367435743467813,
      0.43521167388468573
    ],
    "HQC18": [
      0.8323244037679387,
      0.05542044991925562
    ],
    "KDE0V": [
      0.9974968025314627,
      0.022632930164085276
    ],
    "MPA1": [
      1.2447260743924364,
      0.14014590276200223
    ],
    "MS1B_PP": [
      2.7204851175454032,
      0.8966714823969758
    ],
    "MS1_PP": [
      3.539738856791936,
      1.99086284024644
    ],
    "SKMP": [
      1.302698217947275,
      0.1612499772267556
    ],
    "SKOP": [
      1.162350506530346,
      0.08435044928252285
    ]
  },
  "UniformP (L1,L2), MOCK reweight": {
    "APR4_EPP": [
      0.836449405305057,
      0.1397494951984072
    ],
    "BHF_BBB2": [
      0.8228673444227561,
      0.1363209116223652
    ],
    "H4": [
      0.13021428840347318,
      0.07744971072375789
    ],
    "HQC18": [
      0.8821030791065568,
      0.11712690094565902
    ],
    "KDE0V": [
      0.9835719331156814,
      0.03550766947011891
    ],
    "MPA1": [
      0.7275258893457709,
      0.1804409797739489
    ],
    "MS1B_PP": [
      0.02979248456209168,
      0.021143064501496077
    ],
    "MS1_PP": [
      0.013343994467837489,
      0.010237510624930703
    ],
    "SKMP": [
      0.7287487771618796,
      0.2065015622375449
    ],
    "SKOP": [
      0.9738913173186867,
      0.12830837302563783
    ]
  },
  "UniformP (dL~,L~)": {
    "APR4_EPP": [
      0.9180623090436404,
      0.04898515883900977
    ],
    "BHF_BBB2": [
      0.8809122464986924,
      0.0561531048953386
    ],
    "H4": [
      0.11857705926102032,
      0.025205268605169955
    ],
    "HQC18": [
      0.9445838133704837,
      0.04113268412812172
    ],
    "KDE0V": [
      0.9781135288485847,
      0.0179432837713589
    ],
    "MPA1": [
      0.7257496468950477,
      0.07149948191026442
    ],
    "MS1B_PP": [
      0.02235193789495836,
      0.011520058275897999
    ],
    "MS1_PP": [
      0.012237775628967303,
      0.008009544985754947
    ],
    "SKMP": [
      0.700843159886003,
      0.07073100440543842
    ],
    "SKOP": [
      0.9173105482992633,
      0.04406473829805497
    ]
  }
}