{
  "UniformP (L1,L2)": {
    "APR4_EPP": [
      0.7643156414859786,
      0.027910637401647287
    ],
    "BHF_BBB2": [
      0.7169099697081923,
      0.030677532863600473
    ],
    "H4": [
      0.9432479516448349,
      0.09753646192788805
    ],
    "HQC18": [
      0.8044388164049918,
      0.02349401963400187
    ],
    "KDE0V": [
      0.913311247279972,
      0.012070807187305455
    ],
    "MPA1": [
      1.3179424794702874,
      0.08191689945390368
    ],
    "MS1B_PP": [
      0.5416524018111594,
      0.06665337484113476
    ],
    "MS1_PP": [
      0.3843403542504093,
      0.05214584945431199
    ],
    "SKMP": [
      1.3123970064745332,
      0.07760070622782744
    ],
    "SKOP": [
      1.1594625049634901,
      0.030827795882565352
    ]
  },
  "UniformP (L1,L2), BILBY reweight": {
    "APR4_EPP": [
      0.8200877698207536,
      0.04706840252048333
    ],
    "BHF_BBB2": [
      0.8143849194788081,
      0.05570744641127461
    ],
    "H4": [
      2.479427291667349,
      0.3280155982822823
    ],
    "HQC18": [
      0.8499345607193313,
      0.04142563580960419
    ],
    "KDE0V": [
      0.9524847223729964,
      0.018668213856609068
    ],
    "MPA1": [
      1.341229050875291,
      0.12055759029173492
    ],
    "MS1B_PP": [
      3.040338343488828,
      0.5270376792888961
    ],
    "MS1_PP": [
      3.3827077044333365,
      0.6495226175868516
    ],
    "SKMP": [
      1.3544849027440233,
      0.12532040797346394
    ],
    "SKOP": [
      1.1453776929146209,
      0.048351351256524455
    ]
  },
  "UniformP (L1,L2), MOCK reweight": {
    "APR4_EPP": [
      0.8394650602540433,
      0.12706553999771508
    ],
    "BHF_BBB2": [
      0.8147770328705627,
      0.13977010692479108
    ],
    "H4": [
      0.6723167774293941,
      0.26372960133284906
    ],
    "HQC18": [
      0.8696815975334627,
      0.10597629290952836
    ],
    "KDE0V": [
      0.9567432766171028,
      0.04420473233849046
    ],
    "MPA1": [
      1.0980493870168486,
      0.2259516724504408
    ],
    "MS1B_PP": [
      0.34143483823224563,
      0.150240931666816
    ],
    "MS1_PP": [
      0.22108931681441923,
      0.09322863779504326
    ],
    "SKMP": [
      1.1032360433523694,
      0.2436751096853759
    ],
    "SKOP": [
      1.0852077662812825,
      0.11115257905686755
    ]
  },
  "UniformP (dL~,L~)": {
    "APR4_EPP": [
      0.9598213185236575,
      0.03328410434037755
    ],
    "BHF_BBB2": [
      0.9453429406352404,
      0.03869345359633393
    ],
    "H4": [
      0.36719102467183545,
      0.04939720447634665
    ],
    "HQC18": [
      0.9685523488394615,
      0.02890476469921484
    ],
    "KDE0V": [
      0.9880813190496665,
      0.012723351420406488
    ],
    "MPA1": [
      0.9293481050116209,
      0.0646361698834711
    ],
    "MS1B_PP": [
      0.17888833623198916,
      0.03179359927431118
    ],
    "MS1_PP": [
      0.11983746097088949,
      0.025600016616737848
    ],
    "SKMP": [
      0.9230713653858553,
      0.06443471319433858
    ],
    "SKOP": [
      0.9946949373331853,
      0.0293529339491153
    ]
  }
}