{
  "UniformP (L1,L2)": {
    "APR4_EPP": [
      0.799900977566039,
      0.026281876920667576
    ],
    "BHF_BBB2": [
      0.745427127862772,
      0.031979908210770416
    ],
    "H4": [
      1.3420745051807452,
      0.15008843762685445
    ],
    "HQC18": [
      0.8341898885806316,
      0.021919744910162797
    ],
    "KDE0V": [
      0.911816532522177,
      0.012058388321185574
    ],
    "MPA1": [
      1.4180064186354042,
      0.08546435303031645
    ],
    "MS1B_PP": [
      0.8974103124499563,
      0.11227008394936687
    ],
    "MS1_PP": [
      0.6998364529953324,
      0.09465484138425521
    ],
    "SKMP": [
      1.3910647866449688,
      0.07418718149314424
    ],
    "SKOP": [
      1.152113558795607,
      0.025522537705696065
    ]
  },
  "UniformP (L1,L2), BILBY reweight": {
    "APR4_EPP": [
      0.849072865434257,
      0.042776992940108276
    ],
    "BHF_BBB2": [
      0.8562728573547591,
      0.05090548721435392
    ],
    "H4": [
      2.2087417809615517,
      0.2823454608274505
    ],
    "HQC18": [
      0.8718356224054115,
      0.03443892905653852
    ],
    "KDE0V": [
      0.9678654987063111,
      0.01694039712420443
    ],
    "MPA1": [
      1.2890366051091693,
      0.10241293492925804
    ],
    "MS1B_PP": [
      2.8825322378926908,
      0.4252236703480406
    ],
    "MS1_PP": [
      3.274467625405821,
      0.5399234651127709
    ],
    "SKMP": [
      1.31959965424331,
      0.10907761037589363
    ],
    "SKOP": [
      1.1384582780123427,
      0.040899076370410695
    ]
  },
  "UniformP (L1,L2), MOCK reweight": {
    "APR4_EPP": [
      0.8879038237950027,
      0.09711161243539733
    ],
    "BHF_BBB2": [
      0.8574958385484428,
      0.10934027824736502
    ],
    "H4": [
      0.919993414244215,
      0.3618289397521171
    ],
    "HQC18": [
      0.9081779937020773,
      0.0773823797097638
    ],
    "KDE0V": [
      0.9594047883012445,
      0.03752831026016093
    ],
    "MPA1": [
      1.1249344732847915,
      0.22036477179983088
    ],
    "MS1B_PP": [
      0.5675822992962819,
      0.25221252851288545
    ],
    "MS1_PP": [
      0.4524198828725309,
      0.2095449457771568
    ],
    "SKMP": [
      1.1434485052666363,
      0.22439661845560288
    ],
    "SKOP": [
      1.075387390296278,
      0.0911278650663941
    ]
  },
  "UniformP (dL~,L~)": {
    "APR4_EPP": [
      0.9514014056957981,
      0.024558119429962548
    ],
    "BHF_BBB2": [
      0.9324117166643857,
      0.030923768896501946
    ],
    "H4": [
      0.48864663178530526,
      0.05962450214466053
    ],
    "HQC18": [
      0.9605128204468377,
      0.019798444694648108
    ],
    "KDE0V": [
      0.9791592228033695,
      0.010751770299219195
    ],
    "MPA1": [
      0.974076702767975,
      0.05561578109365878
    ],
    "MS1B_PP": [
      0.27379870560615516,
      0.04043913666389191
    ],
    "MS1_PP": [
      0.1965423201221054,
      0.03318766028188841
    ],
    "SKMP": [
      0.9755686228767844,
      0.05556737326026859
    ],
    "SKOP": [
      1.0139487159594358,
      0.020832306086259043
    ]
  }
}