{
  "UniformP (L1,L2)": {
    "APR4_EPP": [
      0.7428063075703457,
      0.03174834066526289
    ],
    "BHF_BBB2": [
      0.6240591211694398,
      0.03912119193742493
    ],
    "H4": [
      0.5785001263620422,
      0.06509178914803014
    ],
    "HQC18": [
      0.7874638680842815,
      0.027446043951066063
    ],
    "KDE0V": [
      0.8543204194260597,
      0.019897999352306298
    ],
    "MPA1": [
      1.4213174108894067,
      0.10613485095878711
    ],
    "MS1B_PP": [
      0.18607531434732522,
      0.03349660622122762
    ],
    "MS1_PP": [
      0.11563566664387985,
      0.02442084201527828
    ],
    "SKMP": [
      1.4094323626677685,
      0.10038645949036086
    ],
    "SKOP": [
      1.1681794263332343,
      0.03248474512442561
    ]
  },
  "UniformP (L1,L2), BILBY reweight": {
    "APR4_EPP": [
      0.8425412348958241,
      0.05408932552585482
    ],
    "BHF_BBB2": [
      0.819036126561636,
      0.07463998786006934
    ],
    "H4": [
      2.5796361598830435,
      0.3969510380943866
    ],
    "HQC18": [
      0.8659122370469845,
      0.045611460116413816
    ],
    "KDE0V": [
      0.9404570574916309,
      0.031162808988532735
    ],
    "MPA1": [
      1.4997936604768949,
      0.15874200713609293
    ],
    "MS1B_PP": [
      4.054653460052566,
      1.0365198276219625
    ],
    "MS1_PP": [
      3.736403425593333,
      1.343470242594584
    ],
    "SKMP": [
      1.4200021176555087,
      0.14140868239768262
    ],
    "SKOP": [
      1.125217692773894,
      0.04982372274375345
    ]
  },
  "UniformP (L1,L2), MOCK reweight": {
    "APR4_EPP": [
      0.809770859109746,
      0.06776005292956519
    ],
    "BHF_BBB2": [
      0.7068096876186649,
      0.07944585680136736
    ],
    "H4": [
      0.3167258214655925,
      0.14804734965317182
    ],
    "HQC18": [
      0.8460242114723238,
      0.06202408198104642
    ],
    "KDE0V": [
      0.9000528644921435,
      0.03657021598892781
    ],
    "MPA1": [
      1.0773118205447179,
      0.2160089961912466
    ],
    "MS1B_PP": [
      0.0937496536782147,
      0.04946006958023502
    ],
    "MS1_PP": [
      0.05904957611961754,
      0.031029202342313218
    ],
    "SKMP": [
      1.1273002016794103,
      0.19046167149430096
    ],
    "SKOP": [
      1.094812011115227,
      0.07190950797212675
    ]
  },
  "UniformP (dL~,L~)": {
    "APR4_EPP": [
      0.9201120646465568,
      0.04131142771703959
    ],
    "BHF_BBB2": [
      0.8650520569258382,
      0.05554988242656525
    ],
    "H4": [
      0.20926000637313255,
      0.03845956998358222
    ],
    "HQC18": [
      0.9365547860994698,
      0.03557667047039248
    ],
    "KDE0V": [
      0.9568347676180902,
      0.02528304046105129
    ],
    "MPA1": [
      0.8782136770477167,
      0.08380085648239337
    ],
    "MS1B_PP": [
      0.05202107513757352,
      0.016979667278329284
    ],
    "MS1_PP": [
      0.026017985715705554,
      0.01294449194228559
    ],
    "SKMP": [
      0.9291687093741494,
      0.0859675681475071
    ],
    "SKOP": [
      1.019837099500608,
      0.035451933908837094
    ]
  }
}