{
  "UniformP (L1,L2)": {
    "APR4_EPP": [
      0.7808054228549578,
      0.021278723648731034
    ],
    "BHF_BBB2": [
      0.7136412599225864,
      0.02647083577018289
    ],
    "H4": [
      1.2373357498019346,
      0.11229565696268513
    ],
    "HQC18": [
      0.8173845134150274,
      0.018208804138846613
    ],
    "KDE0V": [
      0.8972343447392064,
      0.010164233622392788
    ],
    "MPA1": [
      1.439874698896087,
      0.07177309578169568
    ],
    "MS1B_PP": [
      0.8303782281828556,
      0.08487610413869644
    ],
    "MS1_PP": [
      0.6438936094606825,
      0.07350201239060955
    ],
    "SKMP": [
      1.408112980190747,
      0.06527167838753187
    ],
    "SKOP": [
      1.1609382934139256,
      0.021482386619094976
    ]
  },
  "UniformP (L1,L2), BILBY reweight": {
    "APR4_EPP": [
      0.8574526707055369,
      0.0383905096590204
    ],
    "BHF_BBB2": [
      0.8504035449621457,
      0.04676199938803508
    ],
    "H4": [
      2.317773642262344,
      0.25366655228867596
    ],
    "HQC18": [
      0.877836769806058,
      0.03202830453415895
    ],
    "KDE0V": [
      0.9580743304930689,
      0.016437208204775674
    ],
    "MPA1": [
      1.3437750876260306,
      0.09631123617238661
    ],
    "MS1B_PP": [
      3.055758766133338,
      0.3916143769905082
    ],
    "MS1_PP": [
      3.652891890199628,
      0.5190804128379971
    ],
    "SKMP": [
      1.3603898064620423,
      0.10092165010432416
    ],
    "SKOP": [
      1.1366840567630545,
      0.035723380215335006
    ]
  },
  "UniformP (L1,L2), MOCK reweight": {
    "APR4_EPP": [
      0.8335458529448995,
      0.07720713549126758
    ],
    "BHF_BBB2": [
      0.7878529690439673,
      0.0862236678739759
    ],
    "H4": [
      0.9794399749691987,
      0.36201583088354167
    ],
    "HQC18": [
      0.8624728369492851,
      0.06448704666588977
    ],
    "KDE0V": [
      0.9362292845061002,
      0.03324484316381791
    ],
    "MPA1": [
      1.1789406008641365,
      0.19926722819754453
    ],
    "MS1B_PP": [
      0.6383320154406235,
      0.25653651775843667
    ],
    "MS1_PP": [
      0.4697094642148035,
      0.19540519053301603
    ],
    "SKMP": [
      1.2099426729962046,
      0.20498614641759
    ],
    "SKOP": [
      1.1113805052237262,
      0.07492145801916579
    ]
  },
  "UniformP (dL~,L~)": {
    "APR4_EPP": [
      0.9542088467046758,
      0.02477990242085065
    ],
    "BHF_BBB2": [
      0.9323684822295212,
      0.03329990148343079
    ],
    "H4": [
      0.4856288810215713,
      0.058561259130672776
    ],
    "HQC18": [
      0.9629572602524131,
      0.021450777489937088
    ],
    "KDE0V": [
      0.9797408059368039,
      0.011921144110694394
    ],
    "MPA1": [
      0.9397088227542912,
      0.05644299398312967
    ],
    "MS1B_PP": [
      0.24155808093979456,
      0.03982246700340511
    ],
    "MS1_PP": [
      0.17000124736828567,
      0.030720100138887905
    ],
    "SKMP": [
      0.9496883130253239,
      0.054756285213406274
    ],
    "SKOP": [
      1.0077404780466273,
      0.02018940230729963
    ]
  }
}