{
  "UniformP (L1,L2)": {
    "APR4_EPP": [
      0.894121659593866,
      0.015304088716390487
    ],
    "BHF_BBB2": [
      0.8014346392130282,
      0.028575785940109025
    ],
    "H4": [
      1.7070779860379124,
      0.15043169924991062
    ],
    "HQC18": [
      0.9149879488401372,
      0.012454194788513989
    ],
    "KDE0V": [
      0.9017502319476506,
      0.014392790933235115
    ],
    "MPA1": [
      1.470255306419051,
      0.07655422556637971
    ],
    "MS1B_PP": [
      1.4076547561742916,
      0.15882756796386707
    ],
    "MS1_PP": [
      1.2342323510112425,
      0.14026082064923945
    ],
    "SKMP": [
      1.3314764363426466,
      0.050604771450920384
    ],
    "SKOP": [
      1.071044928410774,
      0.010939811190272342
    ]
  },
  "UniformP (L1,L2), BILBY reweight": {
    "APR4_EPP": [
      0.9061858382725796,
      0.024554873982172085
    ],
    "BHF_BBB2": [
      0.9023483770421757,
      0.043223020875596985
    ],
    "H4": [
      1.949114151053109,
      0.20854256071189445
    ],
    "HQC18": [
      0.9193347728298368,
      0.019817519106948085
    ],
    "KDE0V": [
      0.9679712186520897,
      0.020285360592053037
    ],
    "MPA1": [
      1.2600175925490595,
      0.08325001677286673
    ],
    "MS1B_PP": [
      2.693006248189375,
      0.3252714820752333
    ],
    "MS1_PP": [
      3.0340323551519797,
      0.3554789406644938
    ],
    "SKMP": [
      1.2423968187406977,
      0.06406324113483051
    ],
    "SKOP": [
      1.0930394352238033,
      0.017489996449958342
    ]
  },
  "UniformP (L1,L2), MOCK reweight": {
    "APR4_EPP": [
      0.9273553283653271,
      0.031708637954349035
    ],
    "BHF_BBB2": [
      0.850790230706147,
      0.04603930752891547
    ],
    "H4": [
      1.1262677388328077,
      0.35938086629957505
    ],
    "HQC18": [
      0.9430972172191653,
      0.02673865643008021
    ],
    "KDE0V": [
      0.9277977870012623,
      0.02104035744739709
    ],
    "MPA1": [
      1.2300235551359349,
      0.1463738339642817
    ],
    "MS1B_PP": [
      0.6944845316018105,
      0.361399962410989
    ],
    "MS1_PP": [
      0.5782490369206373,
      0.32669471920469
    ],
    "SKMP": [
      1.185112405405535,
      0.10123068481420815
    ],
    "SKOP": [
      1.0448244112404028,
      0.025365090814560547
    ]
  },
  "UniformP (dL~,L~)": {
    "APR4_EPP": [
      1.003301244729706,
      0.015173649117771679
    ],
    "BHF_BBB2": [
      0.999337250562303,
      0.029194741133557196
    ],
    "H4": [
      0.6440991726910873,
      0.06717711256476581
    ],
    "HQC18": [
      1.0040657031304563,
      0.012283725319800239
    ],
    "KDE0V": [
      1.0007844967301125,
      0.013853714277275412
    ],
    "MPA1": [
      0.9144875929309741,
      0.05475978970220545
    ],
    "MS1B_PP": [
      0.3362068403818918,
      0.04752280184036926
    ],
    "MS1_PP": [
      0.26246357847617974,
      0.04164044681443475
    ],
    "SKMP": [
      0.9528830854904567,
      0.03803254130040208
    ],
    "SKOP": [
      0.9934463717874182,
      0.009439066484470297
    ]
  }
}