{
  "UniformP (L1,L2)": {
    "APR4_EPP": [
      0.7798225153239249,
      0.022137173983851132
    ],
    "BHF_BBB2": [
      0.6808231811485724,
      0.030407470332037275
    ],
    "H4": [
      1.0281381808093144,
      0.10481904656018351
    ],
    "HQC18": [
      0.8164470237376751,
      0.019127401330375375
    ],
    "KDE0V": [
      0.8740609354897803,
      0.014186879190966633
    ],
    "MPA1": [
      1.4765519896612234,
      0.09079966333818733
    ],
    "MS1B_PP": [
      0.554288464038289,
      0.06829758613512206
    ],
    "MS1_PP": [
      0.39487614444374464,
      0.05272706526016232
    ],
    "SKMP": [
      1.4273968243145476,
      0.07748065409743377
    ],
    "SKOP": [
      1.1551044751734099,
      0.021437120950653567
    ]
  },
  "UniformP (L1,L2), BILBY reweight": {
    "APR4_EPP": [
      0.8451695278644719,
      0.04001592282464338
    ],
    "BHF_BBB2": [
      0.8214480258993411,
      0.05382617215360474
    ],
    "H4": [
      2.4899521630741095,
      0.3039523302727922
    ],
    "HQC18": [
      0.8665176161710761,
      0.03362041797870338
    ],
    "KDE0V": [
      0.9383748725709191,
      0.02222183485135987
    ],
    "MPA1": [
      1.4333336397172618,
      0.12002359831761315
    ],
    "MS1B_PP": [
      3.4857992196485297,
      0.5213670843438636
    ],
    "MS1_PP": [
      3.6731446988268988,
      0.6982746153069317
    ],
    "SKMP": [
      1.3789015347624,
      0.10673126726904808
    ],
    "SKOP": [
      1.1310946788045089,
      0.03456615839604207
    ]
  },
  "UniformP (L1,L2), MOCK reweight": {
    "APR4_EPP": [
      0.7963612191443838,
      0.0718221262840431
    ],
    "BHF_BBB2": [
      0.7088069275962262,
      0.07719017348094266
    ],
    "H4": [
      0.7273456947170251,
      0.31033610862872146
    ],
    "HQC18": [
      0.8304147157663411,
      0.06405935809562564
    ],
    "KDE0V": [
      0.8930560716328423,
      0.03767438255479418
    ],
    "MPA1": [
      1.3057896762838115,
      0.23245282658893587
    ],
    "MS1B_PP": [
      0.3294353582523853,
      0.16267756701069008
    ],
    "MS1_PP": [
      0.22681695601814073,
      0.12338902251730825
    ],
    "SKMP": [
      1.3120759662560604,
      0.2020437661634971
    ],
    "SKOP": [
      1.138542697435117,
      0.07074013486099363
    ]
  },
  "UniformP (dL~,L~)": {
    "APR4_EPP": [
      0.92348778827444,
      0.027898014127936625
    ],
    "BHF_BBB2": [
      0.876574438240575,
      0.03961844915099843
    ],
    "H4": [
      0.39991847845545564,
      0.05271623771012724
    ],
    "HQC18": [
      0.938619969277772,
      0.025461400337941094
    ],
    "KDE0V": [
      0.9601915811359879,
      0.017380367305609563
    ],
    "MPA1": [
      0.9081439683232387,
      0.07256731699553233
    ],
    "MS1B_PP": [
      0.14482502978562417,
      0.029030476004442998
    ],
    "MS1_PP": [
      0.09395150897445782,
      0.02351125078045359
    ],
    "SKMP": [
      0.9484389206588759,
      0.06352886800415965
    ],
    "SKOP": [
      1.0222081588339915,
      0.024308629193408638
    ]
  }
}