{
  "UniformP (L1,L2)": {
    "APR4_EPP": [
      1.0516389773640367,
      0.11065896859342188
    ],
    "BHF_BBB2": [
      0.8170373656325146,
      0.08417868412161744
    ],
    "H4": [
      3.808637319248666e-102,
      3.1323837862568746e-80
    ],
    "HQC18": [
      1.1292909574399255,
      0.11807960648305962
    ],
    "KDE0V": [
      1.164437691777736,
      0.0914437211233141
    ],
    "MPA1": [
      0.018139443036011914,
      0.009945761409009133
    ],
    "MS1B_PP": [
      2.3308985742946132e-247,
      0.0
    ],
    "MS1_PP": [
      0.0,
      0.0
    ],
    "SKMP": [
      0.027044750506853458,
      0.012440732949458388
    ],
    "SKOP": [
      0.40803604580662,
      0.05594929834369993
    ]
  },
  "UniformP (L1,L2), BILBY reweight": {
    "APR4_EPP": [
      0.8601580986986574,
      0.1403889427698023
    ],
    "BHF_BBB2": [
      0.8799069309835902,
      0.15399546628898317
    ],
    "H4": [
      1.0353203014197304e-11,
      2.45711626055128e+75
    ],
    "HQC18": [
      0.8488924644327294,
      0.1331517898795629
    ],
    "KDE0V": [
      0.9355002323288256,
      0.10919152068333848
    ],
    "MPA1": [
      3.7589223556215683,
      6.366278371568356
    ],
    "MS1B_PP": [
      NaN,
      NaN
    ],
    "MS1_PP": [
      NaN,
      NaN
    ],
    "SKMP": [
      1.9440048702316102,
      1.876626448794631
    ],
    "SKOP": [
      1.1298282163617002,
      0.2148516668371447
    ]
  },
  "UniformP (L1,L2), MOCK reweight": {
    "APR4_EPP": [
      1.1860781927723814,
      0.14960312012636895
    ],
    "BHF_BBB2": [
      0.9663985074104746,
      0.1250777139166302
    ],
    "H4": [
      4.490022095500049e-102,
      1.7880463948602507e-80
    ],
    "HQC18": [
      1.244355600757738,
      0.14339639327720927
    ],
    "KDE0V": [
      1.2400202789170431,
      0.10125102483442419
    ],
    "MPA1": [
      0.01367153993251513,
      0.008732914422533874
    ],
    "MS1B_PP": [
      2.3030999782449204e-247,
      0.0
    ],
    "MS1_PP": [
      0.0,
      0.0
    ],
    "SKMP": [
      0.020752184778646356,
      0.01067240987902306
    ],
    "SKOP": [
      0.37193063420148764,
      0.05637585642898762
    ]
  },
  "UniformP (dL~,L~)": {
    "APR4_EPP": [
      1.1743707537143244,
      0.1327940106544816
    ],
    "BHF_BBB2": [
      0.8745408008990805,
      0.10441620140247444
    ],
    "H4": [
      4.205848125118228e-113,
      4.352706768196684e-82
    ],
    "HQC18": [
      1.2784907518439326,
      0.13897969386622744
    ],
    "KDE0V": [
      1.2068370903919878,
      0.10319123325175603
    ],
    "MPA1": [
      0.0076082059897457765,
      0.007539308088800278
    ],
    "MS1B_PP": [
      3.1979586183287993e-259,
      0.0
    ],
    "MS1_PP": [
      0.0,
      0.0
    ],
    "SKMP": [
      0.01308336808414968,
      0.009447682268457297
    ],
    "SKOP": [
      0.3291460261633008,
      0.054479955913443
    ]
  }
}