{
  "ALF1": 0.3773518409199649,
  "ALF2": 0.1619931364741221,
  "ALF3": 0.4839034415830187,
  "ALF4": 1.0227920154864951,
  "AP1": 0.2657122919167048,
  "AP2": 0.48206624921825697,
  "AP3": 0.6901601248728654,
  "AP4": 1.0783084126284899,
  "APR": 1.061895026981619,
  "APR4_EPP": 1.0603118482779808,
  "BBB2": 1.06671776344053,
  "BGN1H1": 0.1794753239388785,
  "BHF_BBB2": 0.9940826407926815,
  "BPAL12": 0.6164082096322303,
  "BSK19": 0.7568626576208619,
  "BSK20": 0.9754339888198229,
  "BSK21": 0.27804437802156085,
  "ENG": 0.5961998617194865,
  "FPS": 0.8312069362272917,
  "GNH3": 0.006250292830960082,
  "GS1": 0.14295391265257013,
  "GS2": 0.217746220354902,
  "H1": 0.24321160732302752,
  "H2": 0.13804089964994132,
  "H3": 0.055105011456723585,
  "H4": 0.07383467129586226,
  "H5": 0.18651751800509414,
  "H6": 0.18234692261511168,
  "H7": 0.24167467165321038,
  "HQC18": 1.0736368798447289,
  "KDE0V": 1.0747476336797097,
  "KDE0V1": 1.0794834060772356,
  "MPA1": 0.3091303406701477,
  "MS1": 0.00031198992988036464,
  "MS1B": 0.001835307428269126,
  "MS1B_PP": 0.013584987731893847,
  "MS1_PP": 0.0022498056416599857,
  "MS2": 1.0047654244584947,
  "PAL6": 0.536584738072907,
  "PCL2": 1.0288388819905177,
  "PS": 0.00022632217614564147,
  "QMC700": 0.2894434912873129,
  "RS": 0.21785728212654862,
  "SK255": 0.2204811760541794,
  "SK272": 0.2015532265261689,
  "SKA": 0.00023664440159028478,
  "SKB": 0.3839745527232835,
  "SKI2": 0.1403677251037433,
  "SKI3": 0.13512937817276352,
  "SKI4": 0.3918030583411569,
  "SKI5": 0.03536496921537162,
  "SKI6": 0.33672882582782593,
  "SKMP": 0.35620744739186466,
  "SKOP": 0.7798152596632115,
  "SLY": 1.0,
  "SLY2": 1.009782551365163,
  "SLY230A": 0.9471927702597276,
  "SLY4": 0.9999494044508309,
  "SLY9": 0.4478723535070758,
  "SQM1": 0.5964261599509318,
  "SQM2": 0.26962304537016507,
  "SQM3": 0.2780022761862861,
  "WFF1": 0.6656586494720124,
  "WFF2": 1.0253263682875104,
  "WFF3": 0.9085171273609816
}