{
  "ALF1": 0.5201249749424035,
  "ALF2": 0.02452987561151277,
  "ALF3": 0.7087914970743118,
  "ALF4": 1.2252119937338595,
  "AP1": 0.32215818803452034,
  "AP2": 0.7480309514282192,
  "AP3": 0.421429365852768,
  "AP4": 1.545183950118092,
  "APR": 1.6078416152666724,
  "APR4_EPP": 1.6173475437206855,
  "BBB2": 1.492431723194579,
  "BGN1H1": 0.03138253050453861,
  "BHF_BBB2": 1.5459544975638595,
  "BPAL12": 0.6604184181495655,
  "BSK19": 1.252205097974153,
  "BSK20": 0.9749549966474146,
  "BSK21": 0.0699177607170433,
  "ENG": 0.31242635697852233,
  "FPS": 1.3713342636126582,
  "GNH3": 2.138873924489382e-05,
  "GS1": 0.15238911366000527,
  "GS2": 0.05369677540932985,
  "H1": 0.048408687802825236,
  "H2": 0.016806204822169647,
  "H3": 0.0026856505266261827,
  "H4": 0.004146641008561098,
  "H5": 0.029380207510978914,
  "H6": 0.026824298945387164,
  "H7": 0.04960038962986697,
  "HQC18": 1.5269399716008418,
  "KDE0V": 1.2651495622036837,
  "KDE0V1": 1.3850388491127057,
  "MPA1": 0.08542353667354474,
  "MS1": 1.058160056972512e-07,
  "MS1B": 1.1864291704782627e-06,
  "MS1B_PP": 0.000122157360126757,
  "MS1_PP": 2.424179392176973e-06,
  "MS2": 1.790293096780892,
  "PAL6": 0.6539655080296632,
  "PCL2": 0.7708615752531525,
  "PS": 3.8167254411455144e-10,
  "QMC700": 0.0789652812831036,
  "RS": 0.0384396932199277,
  "SK255": 0.039398144944806014,
  "SK272": 0.03206568624663559,
  "SKA": 5.123475183872337e-10,
  "SKB": 0.12450539444468539,
  "SKI2": 0.01518999312709556,
  "SKI3": 0.01447074100567904,
  "SKI4": 0.1294232239808284,
  "SKI5": 0.0009006833492677976,
  "SKI6": 0.09702859231756593,
  "SKMP": 0.10331075291474762,
  "SKOP": 0.48156908206537896,
  "SLY": 1.0,
  "SLY2": 1.0383271211610554,
  "SLY230A": 0.883087530018291,
  "SLY4": 0.9998381982991849,
  "SLY9": 0.16577065252668502,
  "SQM1": 0.9424578998547057,
  "SQM2": 0.31218681573553353,
  "SQM3": 0.09040850833466918,
  "WFF1": 1.1262850998876452,
  "WFF2": 1.6347578266635898,
  "WFF3": 1.5032982696980015
}