{
  "ALF1": 0.5201249749424035,
  "ALF2": 0.02452987561151278,
  "ALF3": 0.7087914970743115,
  "ALF4": 1.2252119937338595,
  "AP1": 0.3221581880345203,
  "AP2": 0.7480309514282191,
  "AP3": 0.421429365852768,
  "AP4": 1.5451839501180917,
  "APR": 1.6078416152666717,
  "APR4_EPP": 1.6173475437206855,
  "BBB2": 1.4924317231945787,
  "BGN1H1": 0.031382530504538604,
  "BHF_BBB2": 1.545954497563859,
  "BPAL12": 0.6604184181495654,
  "BSK19": 1.252205097974153,
  "BSK20": 0.9749549966474145,
  "BSK21": 0.0699177607170433,
  "ENG": 0.3124263569785223,
  "FPS": 1.371334263612658,
  "GNH3": 2.1388739244893804e-05,
  "GS1": 0.15238911366000527,
  "GS2": 0.05369677540932985,
  "H1": 0.048408687802825236,
  "H2": 0.016806204822169647,
  "H3": 0.002685650526626183,
  "H4": 0.004146641008561099,
  "H5": 0.02938020751097891,
  "H6": 0.026824298945387164,
  "H7": 0.04960038962986697,
  "HQC18": 1.5269399716008418,
  "KDE0V": 1.2651495622036828,
  "KDE0V1": 1.3850388491127053,
  "MPA1": 0.08542353667354473,
  "MS1": 1.0581600569725092e-07,
  "MS1B": 1.1864291704782601e-06,
  "MS1B_PP": 0.0001221573601267571,
  "MS1_PP": 2.4241793921769687e-06,
  "MS2": 1.7902930967808925,
  "PAL6": 0.6539655080296631,
  "PCL2": 0.7708615752531527,
  "PS": 3.816725441145503e-10,
  "QMC700": 0.07896528128310358,
  "RS": 0.0384396932199277,
  "SK255": 0.03939814494480602,
  "SK272": 0.03206568624663559,
  "SKA": 5.123475183872318e-10,
  "SKB": 0.12450539444468535,
  "SKI2": 0.01518999312709556,
  "SKI3": 0.01447074100567904,
  "SKI4": 0.12942322398082837,
  "SKI5": 0.0009006833492677973,
  "SKI6": 0.09702859231756591,
  "SKMP": 0.10331075291474762,
  "SKOP": 0.48156908206537896,
  "SLY": 1.0,
  "SLY2": 1.0383271211610554,
  "SLY230A": 0.8830875300182909,
  "SLY4": 0.9998381982991846,
  "SLY9": 0.16577065252668496,
  "SQM1": 0.9424578998547056,
  "SQM2": 0.31218681573553353,
  "SQM3": 0.09040850833466917,
  "WFF1": 1.126285099887645,
  "WFF2": 1.6347578266635896,
  "WFF3": 1.5032982696980013
}