{
  "APR4_EPP": [
    33.285954584684475,
    3.0633821935068726,
    3.285839760407425,
    3.031384683724908
  ],
  "H4": [
    33.69298398331607,
    2.980379356858977,
    2.3857696435832807,
    1.9554255345456895
  ],
  "MS1": [
    33.8201523917532,
    2.853970980932065,
    2.63580890609153,
    2.2834431682597325
  ]
}