{
  "APR4_EPP": [
    0.699022012319396,
    0.21063320788805218,
    -0.026332616529168074,
    0.00044949086936907703
  ],
  "H4": [
    1.1259555613491166,
    0.15084518746474385,
    -0.04741008685909964,
    0.0026402844738525923
  ],
  "MS1": [
    1.5023471360919414,
    -0.1346184788534266,
    0.027970998148868054,
    -0.00240366418105694
  ]
}