{
  "APR4_EPP": [
    33.29448860038626,
    3.378504901355961,
    3.2270933870562932,
    2.922801282100097
  ],
  "H4": [
    33.7615366696351,
    3.3745152343080362,
    2.944000823650319,
    1.5099914722529797
  ],
  "MS1": [
    33.86633514207864,
    3.0252774578511525,
    2.914983028235091,
    1.042227967436582
  ]
}