{
  "APR4_EPP": [
    33.31056042779435,
    3.407327926182057,
    3.103259293926571,
    2.8309431838160592
  ],
  "H4": [
    33.81508037769626,
    3.7064244399581145,
    3.308472337428923,
    1.1097820596636943
  ],
  "MS1": [
    33.864799007065415,
    3.056849261510189,
    2.9017279959264144,
    1.2153194852860143
  ]
}