{
  "APR4_EPP": [
    33.600422709694406,
    3.968811450521335,
    2.0245625058007986,
    3.173189632816349
  ],
  "H4": [
    33.74905857387303,
    3.3001823323931263,
    2.821441777094389,
    1.5131586019651586
  ],
  "MS1": [
    33.84856874199851,
    2.9500267475171986,
    2.798792565547036,
    2.8998925098007104
  ]
}