{
  "APR4_EPP": [
    33.268877648301256,
    2.719213989231147,
    3.383037227896597,
    2.9807973518588913
  ],
  "H4": [
    33.76974831999259,
    3.442799260308412,
    2.7465317752929783,
    2.393062428111598
  ],
  "MS1": [
    33.86633514207864,
    3.0252774578511525,
    2.914983028235091,
    1.042227967436582
  ]
}