{
  "APR4_EPP": [
    33.60346924973564,
    4.072869518144783,
    2.0191831885299654,
    2.9584522656818013
  ],
  "H4": [
    34.145180027499016,
    2.765382362036,
    2.0637791664227105,
    2.7449967122028083
  ],
  "MS1": [
    33.97086207143278,
    3.3834015234731383,
    1.7961092840783968,
    1.9455697652652493
  ]
}