{
  "APR4_EPP": [
    0.3575207975626009,
    0.5236716767115328,
    -0.08707568613208228,
    0.004157158155809634
  ],
  "H4": [
    1.256759939199018,
    0.05631944082170803,
    -0.037309233973168654,
    0.0024141067570869618
  ],
  "MS1": [
    1.4430958964746519,
    -0.0741556716354066,
    0.014663981143735905,
    -0.0015881224822786415
  ]
}