{
  "APR4_EPP": [
    0.699022012319396,
    0.21063320788805218,
    -0.026332616529168074,
    0.00044949086936907703
  ],
  "H4": [
    1.0961274892507633,
    0.1660661310522038,
    -0.0464265412066901,
    0.0024552561594817363
  ],
  "MS1": [
    1.5022190233690758,
    -0.11523408384706157,
    0.01552638815955465,
    -0.0012071704716507259
  ]
}