{
  "APR4_EPP": [
    0.6255096392489384,
    0.2715303794179642,
    -0.03671364614517647,
    0.0007846801671902402
  ],
  "H4": [
    1.2341634653868339,
    0.04490477344974164,
    -0.02431816661005448,
    0.0009087991564545074
  ],
  "MS1": [
    1.5022190233690758,
    -0.11523408384706157,
    0.01552638815955465,
    -0.0012071704716507259
  ]
}