{
  "APR4_EPP": [
    0.7015777933020579,
    0.1921142063671908,
    -0.01762583973545484,
    -0.00027685056478205655
  ],
  "H4": [
    1.1325253499411985,
    0.15568718153401218,
    -0.05222046341520947,
    0.003390703881034733
  ],
  "MS1": [
    1.4343736402315355,
    -0.05294489399452762,
    0.002700806670938194,
    -0.00029528157469095595
  ]
}