{
  "APR4_EPP": [
    0.5615005153613172,
    0.36649612061753434,
    -0.06617062988556932,
    0.0033398553345734515
  ],
  "H4": [
    1.256759939199018,
    0.05631944082170803,
    -0.037309233973168654,
    0.0024141067570869618
  ],
  "MS1": [
    1.4430958964746519,
    -0.0741556716354066,
    0.014663981143735905,
    -0.0015881224822786415
  ]
}