{
  "APR4_EPP": [
    33.60346924973564,
    4.072869518144783,
    2.0191831885299654,
    2.9584522656818013
  ],
  "H4": [
    33.736513994975844,
    3.264482560445284,
    2.4717407116976267,
    2.536349314864326
  ],
  "MS1": [
    33.87227910064147,
    3.06566004517044,
    2.8383921869856654,
    1.2321420162801935
  ]
}