{
  "AP4": [
    0.8913190157822111,
    0.07635952461222817,
    -0.00615925725473665,
    -0.00015557484705553196
  ],
  "APR4_EPP": [
    1.0270433255382077,
    -0.060306146667531424,
    0.0207052112352204,
    -0.0014184725009029862
  ],
  "H4": [
    1.2128567152003813,
    0.04752044996485738,
    -0.018395838388224228,
    0.00046001994492641043
  ],
  "MPA1": [
    1.055973706236657,
    0.05619220286052107,
    -0.020155760590497618,
    0.0014743022431373855
  ],
  "SLY": [
    0.9993627626877097,
    -0.0027523052483733323,
    0.012575343076177137,
    -0.0014106378230562787
  ]
}