{
  "UniformP (L1,L2)": {
    "APR4_EPP": [
      0.7176264237676645,
      0.035020967799686956
    ],
    "BHF_BBB2": [
      0.6569755239183172,
      0.037403752080631965
    ],
    "H4": [
      0.47841725899217724,
      0.05803021600765614
    ],
    "HQC18": [
      0.7678493191528022,
      0.03008299459863767
    ],
    "KDE0V": [
      0.8959266917189963,
      0.015020285701781386
    ],
    "MPA1": [
      1.295658295813596,
      0.09233249260235554
    ],
    "MS1B_PP": [
      0.22828876497948078,
      0.03608563432344553
    ],
    "MS1_PP": [
      0.11970978654390155,
      0.0251932115144172
    ],
    "SKMP": [
      1.2875465779070785,
      0.09134824033924348
    ],
    "SKOP": [
      1.178395201315204,
      0.0398298609160577
    ]
  },
  "UniformP (L1,L2), BILBY reweight": {
    "APR4_EPP": [
      0.8255894975668413,
      0.06150133007020363
    ],
    "BHF_BBB2": [
      0.8200131853028253,
      0.06822855875180873
    ],
    "H4": [
      2.345243821030121,
      0.3734156648828824
    ],
    "HQC18": [
      0.8512766172991941,
      0.05094670207991347
    ],
    "KDE0V": [
      0.9464824200225268,
      0.023694458341784665
    ],
    "MPA1": [
      1.4685074774913192,
      0.144445781601545
    ],
    "MS1B_PP": [
      3.2673358633028777,
      0.7452105483633963
    ],
    "MS1_PP": [
      3.518075102265125,
      1.095819830284426
    ],
    "SKMP": [
      1.4604573126367082,
      0.14767749385590537
    ],
    "SKOP": [
      1.169882727110186,
      0.06223412022933114
    ]
  },
  "UniformP (L1,L2), MOCK reweight": {
    "APR4_EPP": [
      0.7657802609490466,
      0.09592438343872248
    ],
    "BHF_BBB2": [
      0.7283013658229923,
      0.10580293359365556
    ],
    "H4": [
      0.36481762079463664,
      0.15316885533821126
    ],
    "HQC18": [
      0.8097661248876804,
      0.08337399687391404
    ],
    "KDE0V": [
      0.9360022016767676,
      0.03620641325939478
    ],
    "MPA1": [
      1.1067285359432588,
      0.21006764898073477
    ],
    "MS1B_PP": [
      0.16794014403879567,
      0.06762489597925801
    ],
    "MS1_PP": [
      0.08623689110929278,
      0.038164735641283844
    ],
    "SKMP": [
      1.1564007259976414,
      0.2268588882162636
    ],
    "SKOP": [
      1.145157070924142,
      0.10204627994454275
    ]
  },
  "UniformP (dL~,L~)": {
    "APR4_EPP": [
      0.8645669364159912,
      0.045943573237817996
    ],
    "BHF_BBB2": [
      0.8283170311178373,
      0.052696748264534035
    ],
    "H4": [
      0.16705116556979493,
      0.032582576033400236
    ],
    "HQC18": [
      0.8916815588977084,
      0.04094590005501632
    ],
    "KDE0V": [
      0.9565628249980508,
      0.02045977655747431
    ],
    "MPA1": [
      0.8821772036459937,
      0.08057572716943279
    ],
    "MS1B_PP": [
      0.05670411609040634,
      0.0179895836175755
    ],
    "MS1_PP": [
      0.03315716125819336,
      0.01349992763213817
    ],
    "SKMP": [
      0.8748740079479936,
      0.07997266328372493
    ],
    "SKOP": [
      1.0163339794054629,
      0.04216273955379348
    ]
  }
}