{
  "UniformP (L1,L2)": {
    "APR4_EPP": [
      0.7041074962669965,
      0.03396478270273843
    ],
    "BHF_BBB2": [
      0.6200979942744517,
      0.039437803777482044
    ],
    "H4": [
      0.4706708835610629,
      0.05834052896970605
    ],
    "HQC18": [
      0.7534460485001769,
      0.027938574377524745
    ],
    "KDE0V": [
      0.8718486594598827,
      0.017895903806701204
    ],
    "MPA1": [
      1.243766903458586,
      0.09584004001659743
    ],
    "MS1B_PP": [
      0.15692794701632407,
      0.03006675289877453
    ],
    "MS1_PP": [
      0.08722468262482976,
      0.02160115365079652
    ],
    "SKMP": [
      1.2446237287641755,
      0.0907279774746783
    ],
    "SKOP": [
      1.1696670642842442,
      0.03778002264689492
    ]
  },
  "UniformP (L1,L2), BILBY reweight": {
    "APR4_EPP": [
      0.8347023739901072,
      0.06095950371446006
    ],
    "BHF_BBB2": [
      0.8117528967923483,
      0.07486990989170568
    ],
    "H4": [
      2.8203906496751583,
      0.47179074999686804
    ],
    "HQC18": [
      0.8600403065833747,
      0.05193881707710019
    ],
    "KDE0V": [
      0.9413331368446857,
      0.026577975332376113
    ],
    "MPA1": [
      1.470351810459266,
      0.15359406897554578
    ],
    "MS1B_PP": [
      3.332097813263519,
      0.959200729465651
    ],
    "MS1_PP": [
      3.724858072677928,
      1.4968990381291123
    ],
    "SKMP": [
      1.4452493953504217,
      0.1572030561514868
    ],
    "SKOP": [
      1.1543447819441597,
      0.059228096587881536
    ]
  },
  "UniformP (L1,L2), MOCK reweight": {
    "APR4_EPP": [
      0.751857572877561,
      0.08273502841524207
    ],
    "BHF_BBB2": [
      0.6816869641323622,
      0.09660422013027603
    ],
    "H4": [
      0.30714958636958617,
      0.1225413236984962
    ],
    "HQC18": [
      0.79619861006001,
      0.07751283474570048
    ],
    "KDE0V": [
      0.9071203634312422,
      0.038086750369129986
    ],
    "MPA1": [
      1.023678481795741,
      0.19076054193336628
    ],
    "MS1B_PP": [
      0.09878757721741334,
      0.045962207941638564
    ],
    "MS1_PP": [
      0.05830781571186842,
      0.026123027653355137
    ],
    "SKMP": [
      1.0528021637321672,
      0.19211129263899246
    ],
    "SKOP": [
      1.1110659519240365,
      0.08487968224462557
    ]
  },
  "UniformP (dL~,L~)": {
    "APR4_EPP": [
      0.8758933577023498,
      0.04333147040867282
    ],
    "BHF_BBB2": [
      0.8284416749186981,
      0.052246371363892055
    ],
    "H4": [
      0.2039705354102035,
      0.035809194666587496
    ],
    "HQC18": [
      0.8988688480954194,
      0.03832836222380658
    ],
    "KDE0V": [
      0.9500215319696692,
      0.022068335602215567
    ],
    "MPA1": [
      0.8080837392996252,
      0.08064209744349701
    ],
    "MS1B_PP": [
      0.046119303339378886,
      0.016322023591489154
    ],
    "MS1_PP": [
      0.019873943749171813,
      0.010396633960001744
    ],
    "SKMP": [
      0.8314290612624249,
      0.07761964258422671
    ],
    "SKOP": [
      1.0195955557839524,
      0.041452885957233426
    ]
  }
}