{
  "UniformP (L1,L2)": {
    "APR4_EPP": [
      0.7220053207920526,
      0.030480918220987897
    ],
    "BHF_BBB2": [
      0.6389363416133292,
      0.034014886401969334
    ],
    "H4": [
      0.6487501902187556,
      0.07386267539315484
    ],
    "HQC18": [
      0.7688000360601731,
      0.025896707010895352
    ],
    "KDE0V": [
      0.8707470497452195,
      0.015696876364826803
    ],
    "MPA1": [
      1.360288508331091,
      0.09717614879629617
    ],
    "MS1B_PP": [
      0.2642369237312305,
      0.039843630193453196
    ],
    "MS1_PP": [
      0.16105906642002707,
      0.030175745324991454
    ],
    "SKMP": [
      1.3506653708687233,
      0.09387596265425399
    ],
    "SKOP": [
      1.1870473460839013,
      0.03508663576380449
    ]
  },
  "UniformP (L1,L2), BILBY reweight": {
    "APR4_EPP": [
      0.8477725645426015,
      0.05416462226370023
    ],
    "BHF_BBB2": [
      0.8480361623719908,
      0.06673502617588734
    ],
    "H4": [
      2.478607733137944,
      0.3599744020865953
    ],
    "HQC18": [
      0.870842484887482,
      0.046264470522913034
    ],
    "KDE0V": [
      0.9572595644901194,
      0.024886771217028442
    ],
    "MPA1": [
      1.3757758445517465,
      0.1427204007540605
    ],
    "MS1B_PP": [
      3.434940767551427,
      0.7009763715341286
    ],
    "MS1_PP": [
      3.285331858343762,
      0.9433752442533856
    ],
    "SKMP": [
      1.348197781063214,
      0.13125284947632582
    ],
    "SKOP": [
      1.1267950485370382,
      0.05143750606254848
    ]
  },
  "UniformP (L1,L2), MOCK reweight": {
    "APR4_EPP": [
      0.7167859928326438,
      0.08075848033726127
    ],
    "BHF_BBB2": [
      0.6547532442319387,
      0.09102751177206657
    ],
    "H4": [
      0.5182086032153725,
      0.20232122552798604
    ],
    "HQC18": [
      0.7635855510438377,
      0.07019300655866426
    ],
    "KDE0V": [
      0.892220790134049,
      0.03699322406717559
    ],
    "MPA1": [
      1.2521262458710576,
      0.2198673130385407
    ],
    "MS1B_PP": [
      0.17446742086860798,
      0.07887454525701637
    ],
    "MS1_PP": [
      0.10217332555650267,
      0.04661500400026534
    ],
    "SKMP": [
      1.3230781639980218,
      0.22932611914878812
    ],
    "SKOP": [
      1.2093912865521865,
      0.08906562823665347
    ]
  },
  "UniformP (dL~,L~)": {
    "APR4_EPP": [
      0.8594789774876216,
      0.03935121094446514
    ],
    "BHF_BBB2": [
      0.8076166173279365,
      0.047799731064524655
    ],
    "H4": [
      0.2719306115851383,
      0.042711942174272696
    ],
    "HQC18": [
      0.8856616253323386,
      0.034516153717579066
    ],
    "KDE0V": [
      0.9394168973966445,
      0.019392744030853237
    ],
    "MPA1": [
      0.9563085723779655,
      0.08344262417452565
    ],
    "MS1B_PP": [
      0.06751686444986076,
      0.020048268506789965
    ],
    "MS1_PP": [
      0.0427106000210021,
      0.014612392686214256
    ],
    "SKMP": [
      0.9765767960943725,
      0.08067570572970553
    ],
    "SKOP": [
      1.0502927256829488,
      0.035619322679721226
    ]
  }
}