{
  "UniformP (L1,L2)": {
    "APR4_EPP": [
      0.7693045464629484,
      0.023328626766200438
    ],
    "BHF_BBB2": [
      0.689678731950287,
      0.028574137497025337
    ],
    "H4": [
      0.956284042734524,
      0.09609585520366626
    ],
    "HQC18": [
      0.8069980923797795,
      0.020327073110313763
    ],
    "KDE0V": [
      0.8855793990790641,
      0.012843657093104411
    ],
    "MPA1": [
      1.3772297612035171,
      0.08407019750953519
    ],
    "MS1B_PP": [
      0.540210331622913,
      0.06195611017501879
    ],
    "MS1_PP": [
      0.38055067421573985,
      0.05103864678899026
    ],
    "SKMP": [
      1.3577129834433315,
      0.0718082936973448
    ],
    "SKOP": [
      1.1581528582142306,
      0.02412232866934597
    ]
  },
  "UniformP (L1,L2), BILBY reweight": {
    "APR4_EPP": [
      0.8614552378699406,
      0.041461701959681865
    ],
    "BHF_BBB2": [
      0.8486564579342116,
      0.05257503640872677
    ],
    "H4": [
      2.39083789992029,
      0.2974151271216199
    ],
    "HQC18": [
      0.8817601347758367,
      0.03397524227008582
    ],
    "KDE0V": [
      0.9537671185736942,
      0.019366364481978156
    ],
    "MPA1": [
      1.343591668357591,
      0.11365025868234875
    ],
    "MS1B_PP": [
      3.1012106851573984,
      0.49126261765107465
    ],
    "MS1_PP": [
      3.606290060633715,
      0.6388884614403261
    ],
    "SKMP": [
      1.3315793082663387,
      0.10519842146580932
    ],
    "SKOP": [
      1.1159291042260144,
      0.03704177936762704
    ]
  },
  "UniformP (L1,L2), MOCK reweight": {
    "APR4_EPP": [
      0.7891564168411903,
      0.07575922276377747
    ],
    "BHF_BBB2": [
      0.7250749690862982,
      0.09060525648723862
    ],
    "H4": [
      0.6640314742436131,
      0.26609809812404467
    ],
    "HQC18": [
      0.8238654363178225,
      0.0675124554310923
    ],
    "KDE0V": [
      0.9101872234750036,
      0.03709551631025167
    ],
    "MPA1": [
      1.186616857979129,
      0.2037359368189341
    ],
    "MS1B_PP": [
      0.3765363736155782,
      0.15912604495119126
    ],
    "MS1_PP": [
      0.27722290582826986,
      0.1175669313383124
    ],
    "SKMP": [
      1.233396552368711,
      0.19682032519144452
    ],
    "SKOP": [
      1.143146934174781,
      0.07152628006546202
    ]
  },
  "UniformP (dL~,L~)": {
    "APR4_EPP": [
      0.9509443202815901,
      0.030214751615626322
    ],
    "BHF_BBB2": [
      0.9255848337205574,
      0.04036066653272418
    ],
    "H4": [
      0.3721669643370329,
      0.05048205038522957
    ],
    "HQC18": [
      0.9601504911589065,
      0.025964234621595965
    ],
    "KDE0V": [
      0.976938870305687,
      0.015558158947704515
    ],
    "MPA1": [
      0.967280620690802,
      0.06870428135665828
    ],
    "MS1B_PP": [
      0.14467550517774178,
      0.028557340327081446
    ],
    "MS1_PP": [
      0.09785814703747561,
      0.023037979253118342
    ],
    "SKMP": [
      0.9796813067672077,
      0.06589103291769828
    ],
    "SKOP": [
      1.0138728078930932,
      0.02532791809550822
    ]
  }
}