{
  "UniformP (L1,L2)": {
    "APR4_EPP": [
      0.9118484627511688,
      0.015673576753282487
    ],
    "BHF_BBB2": [
      0.8605561786304969,
      0.02379777545091206
    ],
    "H4": [
      1.7066625051633484,
      0.1575493807207394
    ],
    "HQC18": [
      0.9271549884440858,
      0.013082711608145142
    ],
    "KDE0V": [
      0.9362191221226253,
      0.011364957351005537
    ],
    "MPA1": [
      1.3477758264621005,
      0.06842150259322671
    ],
    "MS1B_PP": [
      1.710895448235166,
      0.20106913408687857
    ],
    "MS1_PP": [
      1.6547590421375944,
      0.20494036476010288
    ],
    "SKMP": [
      1.2630335570523263,
      0.04954339139280174
    ],
    "SKOP": [
      1.0675345524030688,
      0.012598605304562254
    ]
  },
  "UniformP (L1,L2), BILBY reweight": {
    "APR4_EPP": [
      0.934542301336243,
      0.026104081422378585
    ],
    "BHF_BBB2": [
      0.9351504885287648,
      0.03855280981294263
    ],
    "H4": [
      1.7404462689269833,
      0.195775405213141
    ],
    "HQC18": [
      0.9416233142201453,
      0.020466767129818608
    ],
    "KDE0V": [
      0.9805067130885124,
      0.01567260106912655
    ],
    "MPA1": [
      1.1656988506710395,
      0.07446644937209031
    ],
    "MS1B_PP": [
      2.189354616432447,
      0.2855707606651805
    ],
    "MS1_PP": [
      2.493412744138356,
      0.3227850364879062
    ],
    "SKMP": [
      1.1744194582414866,
      0.06065318918211934
    ],
    "SKOP": [
      1.068062916399022,
      0.019471860479898587
    ]
  },
  "UniformP (L1,L2), MOCK reweight": {
    "APR4_EPP": [
      0.9432904631135294,
      0.045825960423320364
    ],
    "BHF_BBB2": [
      0.9103952623103312,
      0.062158236141931764
    ],
    "H4": [
      1.2803037946208444,
      0.41591628717894596
    ],
    "HQC18": [
      0.9529637286834771,
      0.04103206453220226
    ],
    "KDE0V": [
      0.9615732158150095,
      0.02669169544075218
    ],
    "MPA1": [
      1.1597508494226796,
      0.16990981421435583
    ],
    "MS1B_PP": [
      1.1235413901897173,
      0.49983592520721376
    ],
    "MS1_PP": [
      1.0650624716818409,
      0.5156529243012278
    ],
    "SKMP": [
      1.1440402767595288,
      0.135818035095428
    ],
    "SKOP": [
      1.0449130557192283,
      0.03939338503179358
    ]
  },
  "UniformP (dL~,L~)": {
    "APR4_EPP": [
      1.010462380865336,
      0.012435317175599484
    ],
    "BHF_BBB2": [
      1.0134265076959885,
      0.020514978684061446
    ],
    "H4": [
      0.7296186181306444,
      0.07373307309856894
    ],
    "HQC18": [
      1.008737094736102,
      0.010295320989903291
    ],
    "KDE0V": [
      1.0061285984809571,
      0.009108358432094172
    ],
    "MPA1": [
      0.9302091331449385,
      0.04216038299211022
    ],
    "MS1B_PP": [
      0.5201661087634512,
      0.06639420159649181
    ],
    "MS1_PP": [
      0.43957332292177803,
      0.05864265974552259
    ],
    "SKMP": [
      0.9500137077051026,
      0.033915724527491836
    ],
    "SKOP": [
      0.9890159512076768,
      0.009409252389212799
    ]
  }
}