{
  "UniformP (L1,L2)": {
    "APR4_EPP": [
      0.7933001692609847,
      0.05284556299777624
    ],
    "BHF_BBB2": [
      0.6755400971595579,
      0.05553092572585061
    ],
    "H4": [
      0.03405113320120624,
      0.011917578335389695
    ],
    "HQC18": [
      0.8411301194590443,
      0.048940072013059326
    ],
    "KDE0V": [
      0.9264652461600459,
      0.032601732313972
    ],
    "MPA1": [
      0.5968102276567767,
      0.05740872244613448
    ],
    "MS1B_PP": [
      0.002672930871438863,
      0.003132195112124391
    ],
    "MS1_PP": [
      0.0005114823670926004,
      0.0015974539236621114
    ],
    "SKMP": [
      0.6723355769610418,
      0.06804974380290789
    ],
    "SKOP": [
      0.9613956263668332,
      0.051316169581072595
    ]
  },
  "UniformP (L1,L2), BILBY reweight": {
    "APR4_EPP": [
      0.8338531280716784,
      0.08645785968700269
    ],
    "BHF_BBB2": [
      0.7923949664492057,
      0.09978571917973489
    ],
    "H4": [
      2.6043556297848633,
      1.7017728981588733
    ],
    "HQC18": [
      0.8555560755500675,
      0.07914605492535236
    ],
    "KDE0V": [
      0.9239138296778784,
      0.05218356764439907
    ],
    "MPA1": [
      1.5137365266549692,
      0.22865822654583232
    ],
    "MS1B_PP": [
      15.00326782044478,
      34209504.60272322
    ],
    "MS1_PP": [
      608319.2151519924,
      4.324134519858092e+22
    ],
    "SKMP": [
      1.4684158389297755,
      0.206227465590346
    ],
    "SKOP": [
      1.1581512391201456,
      0.09368352986122878
    ]
  },
  "UniformP (L1,L2), MOCK reweight": {
    "APR4_EPP": [
      0.7982610111512429,
      0.08388685188218185
    ],
    "BHF_BBB2": [
      0.6911587892232012,
      0.08972196532764828
    ],
    "H4": [
      0.030143258668962922,
      0.014336044822938019
    ],
    "HQC18": [
      0.8450170479592191,
      0.07519816899815207
    ],
    "KDE0V": [
      0.9398603797023986,
      0.0447634200854336
    ],
    "MPA1": [
      0.5628785774598623,
      0.109730578422336
    ],
    "MS1B_PP": [
      0.002206833807727185,
      0.0025255826011326993
    ],
    "MS1_PP": [
      0.00040751296257157227,
      0.0010439661318212066
    ],
    "SKMP": [
      0.6519065715569995,
      0.11623630350629656
    ],
    "SKOP": [
      0.9624756367515754,
      0.07330208647394311
    ]
  },
  "UniformP (dL~,L~)": {
    "APR4_EPP": [
      0.9156776084588543,
      0.0721053767499858
    ],
    "BHF_BBB2": [
      0.8426185286251066,
      0.08153890965544099
    ],
    "H4": [
      0.007685136693856996,
      0.006972653677808812
    ],
    "HQC18": [
      0.9404907026609111,
      0.06433792999528594
    ],
    "KDE0V": [
      0.9803046885824016,
      0.042317481600079185
    ],
    "MPA1": [
      0.37118473812485975,
      0.05283450659026853
    ],
    "MS1B_PP": [
      0.0007165203139909505,
      0.0021381418249970157
    ],
    "MS1_PP": [
      0.000263090057808583,
      0.001317076452800057
    ],
    "SKMP": [
      0.42925569077077114,
      0.05968021982359
    ],
    "SKOP": [
      0.8813848501597319,
      0.06042790328071671
    ]
  }
}