{
  "UniformP (L1,L2)": {
    "APR4_EPP": [
      0.7523492441616308,
      0.06609105991159799
    ],
    "BHF_BBB2": [
      0.568074333535398,
      0.0595899500382886
    ],
    "H4": [
      0.0020842456767635356,
      0.0030472226891386546
    ],
    "HQC18": [
      0.8255052779846728,
      0.057296233161086854
    ],
    "KDE0V": [
      0.9248713904454327,
      0.0463280162280668
    ],
    "MPA1": [
      0.3916894653870193,
      0.04745167159722656
    ],
    "MS1B_PP": [
      4.6826372832196005e-29,
      4.300774390900536e-18
    ],
    "MS1_PP": [
      5.112135475700603e-62,
      8.379231193788356e-43
    ],
    "SKMP": [
      0.46158193666492303,
      0.052766370639111916
    ],
    "SKOP": [
      0.892317079269302,
      0.0639244335483854
    ]
  },
  "UniformP (L1,L2), BILBY reweight": {
    "APR4_EPP": [
      0.7981669712954871,
      0.10841918894812061
    ],
    "BHF_BBB2": [
      0.7445318069672984,
      0.11779538776608584
    ],
    "H4": [
      25.588855003828396,
      1685015.6567677336
    ],
    "HQC18": [
      0.8344855921079577,
      0.09778285817559913
    ],
    "KDE0V": [
      0.9168569806525625,
      0.06871122519460453
    ],
    "MPA1": [
      1.5532527829561378,
      0.29362400097572006
    ],
    "MS1B_PP": [
      4.9521154923582e+21,
      1.0392227623814602e+41
    ],
    "MS1_PP": [
      1.6326408501133753e+32,
      6.9520558146708235e+59
    ],
    "SKMP": [
      1.4721835792161981,
      0.24776275303984566
    ],
    "SKOP": [
      1.1263666165705697,
      0.11895634306437433
    ]
  },
  "UniformP (L1,L2), MOCK reweight": {
    "APR4_EPP": [
      0.8618602831146008,
      0.10256743076579725
    ],
    "BHF_BBB2": [
      0.6899604755054775,
      0.10425878731192278
    ],
    "H4": [
      0.0010599363386753443,
      0.0018876849155843648
    ],
    "HQC18": [
      0.9246130042410033,
      0.09954072946446423
    ],
    "KDE0V": [
      0.9992264581354803,
      0.0592717318277618
    ],
    "MPA1": [
      0.2779286751913763,
      0.07118782502970178
    ],
    "MS1B_PP": [
      2.0923133703436056e-29,
      3.0244927288370717e-16
    ],
    "MS1_PP": [
      2.2722786876461355e-62,
      1.0675689671428245e-42
    ],
    "SKMP": [
      0.3445688675161981,
      0.08167641527760212
    ],
    "SKOP": [
      0.8119793809961877,
      0.08138132577461055
    ]
  },
  "UniformP (dL~,L~)": {
    "APR4_EPP": [
      0.8683742233705785,
      0.08210276119360181
    ],
    "BHF_BBB2": [
      0.743945768469759,
      0.07714293763970823
    ],
    "H4": [
      0.000352331328370635,
      0.0016176989755057518
    ],
    "HQC18": [
      0.9165836870377649,
      0.0762155304219679
    ],
    "KDE0V": [
      0.9803096696715208,
      0.05240517812224576
    ],
    "MPA1": [
      0.2793028034765896,
      0.04477217946582231
    ],
    "MS1B_PP": [
      3.0218911839213873e-07,
      0.00013636941206972205
    ],
    "MS1_PP": [
      9.443032606400991e-23,
      2.3283243742622153e-11
    ],
    "SKMP": [
      0.3425189415449924,
      0.051880165267388346
    ],
    "SKOP": [
      0.8387831618095429,
      0.06445646300726729
    ]
  }
}