{
  "UniformP (L1,L2)": {
    "APR4_EPP": [
      0.020363191310225445,
      0.006542556637549683
    ],
    "BHF_BBB2": [
      0.002519592858531817,
      0.0013848165871239565
    ],
    "H4": [
      2.959630898403126e-107,
      7.343994017899557e-86
    ],
    "HQC18": [
      0.05031780859331298,
      0.013022049581129434
    ],
    "KDE0V": [
      0.21827632279073667,
      0.031892354933082734
    ],
    "MPA1": [
      0.23849275035505949,
      0.11534325336543695
    ],
    "MS1B_PP": [
      4.580669607097829e-283,
      0.0
    ],
    "MS1_PP": [
      0.0,
      0.0
    ],
    "SKMP": [
      0.3279316785477955,
      0.14117988014477853
    ],
    "SKOP": [
      2.086285284301285,
      0.3327119571962522
    ]
  },
  "UniformP (L1,L2), BILBY reweight": {
    "APR4_EPP": [
      0.06185398953588267,
      0.03634700444030804
    ],
    "BHF_BBB2": [
      0.05394972120726967,
      0.04542783016410852
    ],
    "H4": [
      9.434506449627271e-05,
      5.8078631581830585e+87
    ],
    "HQC18": [
      0.09318301025973774,
      0.040629177352655366
    ],
    "KDE0V": [
      0.44305896505996145,
      0.0967130801250977
    ],
    "MPA1": [
      573.8003292842442,
      790.8317126442385
    ],
    "MS1B_PP": [
      NaN,
      NaN
    ],
    "MS1_PP": [
      NaN,
      NaN
    ],
    "SKMP": [
      270.4486326253448,
      126.68197252048661
    ],
    "SKOP": [
      8.416791967844897,
      1.7127027126605276
    ]
  },
  "UniformP (L1,L2), MOCK reweight": {
    "APR4_EPP": [
      0.051072150682054826,
      0.048329461304982314
    ],
    "BHF_BBB2": [
      0.010450748701411028,
      0.014849229629110141
    ],
    "H4": [
      1.3731887628041158e-109,
      5.147732089424228e-88
    ],
    "HQC18": [
      0.10683989891173797,
      0.07273881826505908
    ],
    "KDE0V": [
      0.4081380614236411,
      0.09245085434881185
    ],
    "MPA1": [
      0.010932293747666369,
      0.007484658902865159
    ],
    "MS1B_PP": [
      2.671642507731641e-286,
      0.0
    ],
    "MS1_PP": [
      0.0,
      0.0
    ],
    "SKMP": [
      0.03203819494649944,
      0.017096943795672923
    ],
    "SKOP": [
      1.118524455962003,
      0.2868941255538196
    ]
  },
  "UniformP (dL~,L~)": {
    "APR4_EPP": [
      0.36672396317570555,
      0.07989777989778754
    ],
    "BHF_BBB2": [
      0.13465568455682375,
      0.03414190618229887
    ],
    "H4": [
      2.7665737771876665e-125,
      2.3578044321475746e-96
    ],
    "HQC18": [
      0.5327245840853106,
      0.09698802500171842
    ],
    "KDE0V": [
      0.7996044391787251,
      0.09942327151405297
    ],
    "MPA1": [
      0.0001799084399417907,
      0.0003897744741393054
    ],
    "MS1B_PP": [
      2.5803593284555185e-281,
      0.0
    ],
    "MS1_PP": [
      0.0,
      0.0
    ],
    "SKMP": [
      0.0005436780702569048,
      0.0008240261136054817
    ],
    "SKOP": [
      0.25128928043592713,
      0.06833594902470533
    ]
  }
}