{
  "AP4": [
    1.15122040043506,
    0.04773245302337392
  ],
  "APR": [
    1.1341945511436382,
    0.056729381640059785
  ],
  "APR4_EPP": [
    1.1684549820678094,
    0.03980650884619977
  ],
  "BBH": [
    0.06094330437267714,
    0.0031382425031444305
  ],
  "BHF_BBB2": [
    0.9770876128630688,
    0.039269118345575796
  ],
  "H4": [
    0.10540632005355118,
    0.004713099954260757
  ],
  "HQC18": [
    1.184006420283891,
    0.044325955217849725
  ],
  "KDE0V": [
    1.19691102796389,
    0.06635625237417937
  ],
  "KDE0V1": [
    1.0838089525122583,
    0.05269511870341915
  ],
  "MPA1": [
    0.33883806394259036,
    0.014208253326918873
  ],
  "MS1": [
    5.9877646821584727e-05,
    2.6012693954337614e-06
  ],
  "MS1B": [
    0.0024261488511974766,
    7.885678004480008e-05
  ],
  "MS1B_PP": [
    0.021234085384775676,
    0.0007991109418749228
  ],
  "MS1_PP": [
    0.005459173653668726,
    0.00023271852472170852
  ],
  "RS": [
    0.22299592400902418,
    0.00910907150038433
  ],
  "SK255": [
    0.22829707455677886,
    0.011400054809424388
  ],
  "SK272": [
    0.19635014129124623,
    0.006580218674528641
  ],
  "SKA": [
    0.15166314289155525,
    0.0068397637683415636
  ],
  "SKB": [
    0.45525992566706713,
    0.012617023106582338
  ],
  "SKI2": [
    0.1262495675966208,
    0.005820007699870472
  ],
  "SKI3": [
    0.12355800943471662,
    0.005068403636099435
  ],
  "SKI4": [
    0.4481970103225651,
    0.019511430480794636
  ],
  "SKI5": [
    0.0697951526821556,
    0.0027615866738310373
  ],
  "SKI6": [
    0.3890653222207237,
    0.016921911407960694
  ],
  "SKMP": [
    0.4146926555906102,
    0.015720519684918353
  ],
  "SKOP": [
    0.9146684262088168,
    0.04129325447215156
  ],
  "SLY": [
    1.1271566565931985,
    0.0549969032179932
  ],
  "SLY2": [
    1.023572409878163,
    0.03274098829078761
  ],
  "SLY230A": [
    1.0958587732460852,
    0.04527439151367158
  ],
  "SLY9": [
    0.5441156756127571,
    0.02647349145407355
  ],
  "WFF1": [
    0.6455154855010716,
    0.029568324513084318
  ]
}