{
  "UniformP (L1,L2)": {
    "APR4_EPP": [
      0.9812370876201066,
      0.08128779020809183
    ],
    "BHF_BBB2": [
      0.9571492895641703,
      0.07696012009291185
    ],
    "H4": [
      0.13082152113136036,
      0.025589506456904786
    ],
    "HQC18": [
      0.9884328848382269,
      0.0647881221575531
    ],
    "KDE0V": [
      0.9844027313108455,
      0.019591755857982247
    ],
    "MPA1": [
      0.7802730811397874,
      0.07844696959573137
    ],
    "MS1B_PP": [
      0.029899044176128375,
      0.010969667147800087
    ],
    "MS1_PP": [
      0.012292047647581222,
      0.006707637358888286
    ],
    "SKMP": [
      0.7344276465420314,
      0.07735604978395333
    ],
    "SKOP": [
      0.9220230216670232,
      0.05960922198014716
    ]
  },
  "UniformP (dL~,L~)": {
    "APR4_EPP": [
      0.9180703859523694,
      0.04975402887306314
    ],
    "BHF_BBB2": [
      0.880921024457822,
      0.053888246519558765
    ],
    "H4": [
      0.11857184530425477,
      0.025893165790254954
    ],
    "HQC18": [
      0.9445907646509747,
      0.04178249246667566
    ],
    "KDE0V": [
      0.978117005513442,
      0.017675918021381687
    ],
    "MPA1": [
      0.725734899133706,
      0.07552104922187186
    ],
    "MS1B_PP": [
      0.022351092620139117,
      0.010724280315301838
    ],
    "MS1_PP": [
      0.012237204072368838,
      0.007715106169715329
    ],
    "SKMP": [
      0.7008274434256787,
      0.07296424774958463
    ],
    "SKOP": [
      0.9173008408757304,
      0.044394697187602646
    ]
  }
}