{
  "UniformP (L1,L2)": {
    "APR4_EPP": [
      0.9164340714681093,
      0.06469111851083585
    ],
    "BHF_BBB2": [
      0.8938720441839777,
      0.06612465397563326
    ],
    "H4": [
      0.212884149302556,
      0.03676224037669824
    ],
    "HQC18": [
      0.9374817212389978,
      0.05303059426505181
    ],
    "KDE0V": [
      0.9789418035952583,
      0.020622299470043563
    ],
    "MPA1": [
      0.8428333328296079,
      0.08116292313166311
    ],
    "MS1B_PP": [
      0.07324384251439778,
      0.018935379090669606
    ],
    "MS1_PP": [
      0.03422526572311587,
      0.012770390347739144
    ],
    "SKMP": [
      0.836652024985713,
      0.08157752948010272
    ],
    "SKOP": [
      0.9768224350112349,
      0.05279120227324928
    ]
  },
  "UniformP (dL~,L~)": {
    "APR4_EPP": [
      0.8645665647147661,
      0.04600767686640576
    ],
    "BHF_BBB2": [
      0.8283165790374843,
      0.050513140252561914
    ],
    "H4": [
      0.16705200734800404,
      0.03408136237001318
    ],
    "HQC18": [
      0.8916811869336508,
      0.04022993423429448
    ],
    "KDE0V": [
      0.956562507236539,
      0.020442008122861666
    ],
    "MPA1": [
      0.8821789783241016,
      0.08235072509073839
    ],
    "MS1B_PP": [
      0.056704456597490016,
      0.017430918803600315
    ],
    "MS1_PP": [
      0.03315739454002169,
      0.01379200876824663
    ],
    "SKMP": [
      0.8748759160097591,
      0.07957799932205037
    ],
    "SKOP": [
      1.016334978948702,
      0.04299670859351681
    ]
  }
}