{
  "UniformP (L1,L2)": {
    "APR4_EPP": [
      0.9825375700888235,
      0.04929661990475457
    ],
    "BHF_BBB2": [
      0.972440220689864,
      0.05294208562467055
    ],
    "H4": [
      0.5357406926413589,
      0.06021841864803424
    ],
    "HQC18": [
      0.9874886623873405,
      0.0434891103164915
    ],
    "KDE0V": [
      0.9938136169994963,
      0.014840000029713056
    ],
    "MPA1": [
      0.9353507310530575,
      0.06885583897423708
    ],
    "MS1B_PP": [
      0.2719110340609483,
      0.03890710030537957
    ],
    "MS1_PP": [
      0.18066037776640423,
      0.030348981456781672
    ],
    "SKMP": [
      0.9265674361516992,
      0.07257021807488792
    ],
    "SKOP": [
      0.9776868696365245,
      0.04107429074535143
    ]
  },
  "UniformP (dL~,L~)": {
    "APR4_EPP": [
      0.9514010308230049,
      0.025608373035534475
    ],
    "BHF_BBB2": [
      0.9324111923318218,
      0.029996541895580146
    ],
    "H4": [
      0.48865471145847883,
      0.05868816681925324
    ],
    "HQC18": [
      0.9605124652897995,
      0.020118623203686778
    ],
    "KDE0V": [
      0.9791588639564279,
      0.010862992305852968
    ],
    "MPA1": [
      0.9740809883164883,
      0.058223664829182474
    ],
    "MS1B_PP": [
      0.2738029522379634,
      0.04235024920589291
    ],
    "MS1_PP": [
      0.19654686890597342,
      0.03227359961128004
    ],
    "SKMP": [
      0.9755729413544737,
      0.05088627993296916
    ],
    "SKOP": [
      1.0139497997089106,
      0.021557777539693224
    ]
  }
}