{
  "UniformP (L1,L2)": {
    "APR4_EPP": [
      0.8968045478463025,
      0.05741418838348471
    ],
    "BHF_BBB2": [
      0.8651290982189614,
      0.06518413652334834
    ],
    "H4": [
      0.26312068817178985,
      0.039887088517534246
    ],
    "HQC18": [
      0.9155958723656235,
      0.04781660556041627
    ],
    "KDE0V": [
      0.9566740697390855,
      0.02232676503508884
    ],
    "MPA1": [
      0.9560488259104953,
      0.08970793137600315
    ],
    "MS1B_PP": [
      0.07520805854518754,
      0.01959485860306988
    ],
    "MS1_PP": [
      0.0463485691541036,
      0.013922978060278219
    ],
    "SKMP": [
      0.9653394246499474,
      0.08714832296333572
    ],
    "SKOP": [
      1.0393501757928119,
      0.05014501004468528
    ]
  },
  "UniformP (dL~,L~)": {
    "APR4_EPP": [
      0.8594800996999975,
      0.03808887916633527
    ],
    "BHF_BBB2": [
      0.8076180661518484,
      0.047299227986096835
    ],
    "H4": [
      0.2719221976179162,
      0.043518617199419164
    ],
    "HQC18": [
      0.8856627682590055,
      0.0338758760790049
    ],
    "KDE0V": [
      0.9394182050806806,
      0.020326940658403393
    ],
    "MPA1": [
      0.9562974014524417,
      0.08295912035007978
    ],
    "MS1B_PP": [
      0.06751420323819324,
      0.02008265028387822
    ],
    "MS1_PP": [
      0.04270915569008343,
      0.015040980200297455
    ],
    "SKMP": [
      0.9765658607798763,
      0.07990821875125023
    ],
    "SKOP": [
      1.0502894986922935,
      0.03596507931437231
    ]
  }
}