{
  "UniformP (L1,L2)": {
    "APR4_EPP": [
      0.9010911396282286,
      0.05760893539411275
    ],
    "BHF_BBB2": [
      0.8484392677052593,
      0.06614009597820669
    ],
    "H4": [
      0.22658080353686713,
      0.036770997939452044
    ],
    "HQC18": [
      0.9194015358156595,
      0.04795128322944263
    ],
    "KDE0V": [
      0.9545863746335502,
      0.026478684870201427
    ],
    "MPA1": [
      0.8816930981921629,
      0.0892979612745471
    ],
    "MS1B_PP": [
      0.04936405897791145,
      0.015449633754832132
    ],
    "MS1_PP": [
      0.028048310987389365,
      0.011075565823739128
    ],
    "SKMP": [
      0.9328562464606182,
      0.08512560236580877
    ],
    "SKOP": [
      1.0177765167394128,
      0.045453349546539325
    ]
  },
  "UniformP (dL~,L~)": {
    "APR4_EPP": [
      0.9201113735699882,
      0.041715437700150314
    ],
    "BHF_BBB2": [
      0.8650509218726732,
      0.05368937234728382
    ],
    "H4": [
      0.2092638289727394,
      0.0372932793345294
    ],
    "HQC18": [
      0.9365542113478263,
      0.035747021528438366
    ],
    "KDE0V": [
      0.9568342036921416,
      0.025805969160509964
    ],
    "MPA1": [
      0.878218926061995,
      0.08796965764581206
    ],
    "MS1B_PP": [
      0.0520217685998379,
      0.016908243094979656
    ],
    "MS1_PP": [
      0.026018868323224545,
      0.012418264566949425
    ],
    "SKMP": [
      0.9291735346925708,
      0.08243234676107845
    ],
    "SKOP": [
      1.0198382698469197,
      0.03475463748381084
    ]
  }
}