{
  "UniformP (L1,L2)": {
    "APR4_EPP": [
      0.9660158719793858,
      0.04737089740021217
    ],
    "BHF_BBB2": [
      0.9527305276163504,
      0.04899188731690443
    ],
    "H4": [
      0.47192803713159154,
      0.05561868964316581
    ],
    "HQC18": [
      0.973190346063212,
      0.0387682573064845
    ],
    "KDE0V": [
      0.9878318489872874,
      0.014503595201791817
    ],
    "MPA1": [
      0.9377792882466928,
      0.06749281664359308
    ],
    "MS1B_PP": [
      0.24305560878802787,
      0.034866884377454395
    ],
    "MS1_PP": [
      0.15809985037781632,
      0.026514514051603703
    ],
    "SKMP": [
      0.9320396358174906,
      0.06959144543895494
    ],
    "SKOP": [
      0.9922414501122154,
      0.038770633012661405
    ]
  },
  "UniformP (dL~,L~)": {
    "APR4_EPP": [
      0.9542086641112357,
      0.025374053275280084
    ],
    "BHF_BBB2": [
      0.9323682378351866,
      0.032106794621554004
    ],
    "H4": [
      0.48563104698094206,
      0.05935134521357498
    ],
    "HQC18": [
      0.9629570914824747,
      0.020414705053670157
    ],
    "KDE0V": [
      0.9797406499753435,
      0.011979255563805488
    ],
    "MPA1": [
      0.9397102641106456,
      0.057136880242109674
    ],
    "MS1B_PP": [
      0.24155945935481232,
      0.03927719904608175
    ],
    "MS1_PP": [
      0.17000237360255352,
      0.03133312764516295
    ],
    "SKMP": [
      0.9496897651528787,
      0.0533846286660811
    ],
    "SKOP": [
      1.0077408766673808,
      0.020948066895204228
    ]
  }
}