{
  "UniformP (L1,L2)": {
    "APR4_EPP": [
      1.001303081143945,
      0.02456265694526238
    ],
    "BHF_BBB2": [
      0.9893844840678494,
      0.028796723428197606
    ],
    "H4": [
      0.7852723483019436,
      0.07050265609137593
    ],
    "HQC18": [
      1.0022738581274535,
      0.020321903383716394
    ],
    "KDE0V": [
      0.9958279702645579,
      0.010154071461288187
    ],
    "MPA1": [
      0.970640072470223,
      0.048564009673641384
    ],
    "MS1B_PP": [
      0.5756973555424799,
      0.05756406576734525
    ],
    "MS1_PP": [
      0.48798587191956716,
      0.05108450058298333
    ],
    "SKMP": [
      0.9724919847545134,
      0.044831183798566446
    ],
    "SKOP": [
      0.9901762288274328,
      0.01951624608711271
    ]
  },
  "UniformP (dL~,L~)": {
    "APR4_EPP": [
      1.0104620055750722,
      0.013668590780356047
    ],
    "BHF_BBB2": [
      1.0134260409969214,
      0.020793867454803938
    ],
    "H4": [
      0.7296236994481965,
      0.07258378540464172
    ],
    "HQC18": [
      1.0087367841351174,
      0.010484015363397763
    ],
    "KDE0V": [
      1.0061283921578121,
      0.008928170123841025
    ],
    "MPA1": [
      0.9302110355535157,
      0.042189947256963824
    ],
    "MS1B_PP": [
      0.520172348953691,
      0.06589056619323602
    ],
    "MS1_PP": [
      0.4395800591100925,
      0.05802812952051019
    ],
    "SKMP": [
      0.9500153608341191,
      0.030722868665364948
    ],
    "SKOP": [
      0.9890163698528018,
      0.009138555110635422
    ]
  }
}