{
  "UniformP (L1,L2)": {
    "APR4_EPP": [
      0.9536560343981708,
      0.08949206456489496
    ],
    "BHF_BBB2": [
      0.8824522734579541,
      0.0953952372278864
    ],
    "H4": [
      0.013523192700373252,
      0.008120674707141515
    ],
    "HQC18": [
      0.9762091547720896,
      0.08321370070996474
    ],
    "KDE0V": [
      1.0003883839264496,
      0.04881281725371435
    ],
    "MPA1": [
      0.42124564609991677,
      0.06327907836627024
    ],
    "MS1B_PP": [
      0.001483319556732355,
      0.0023777106999747326
    ],
    "MS1_PP": [
      1.5233308929918688e-05,
      0.0005221834263677299
    ],
    "SKMP": [
      0.477328567513738,
      0.06701283400472614
    ],
    "SKOP": [
      0.8564971112710389,
      0.06934621328410961
    ]
  },
  "UniformP (dL~,L~)": {
    "APR4_EPP": [
      0.9156766177871801,
      0.0704643588709589
    ],
    "BHF_BBB2": [
      0.8426172857025082,
      0.07767596723852196
    ],
    "H4": [
      0.007685342392001583,
      0.007246983291344445
    ],
    "HQC18": [
      0.9404897802314997,
      0.06600572682086367
    ],
    "KDE0V": [
      0.9803039548801998,
      0.040828648301005376
    ],
    "MPA1": [
      0.3711863033976138,
      0.053535682434833275
    ],
    "MS1B_PP": [
      0.0007165457635540058,
      0.0021235056216588315
    ],
    "MS1_PP": [
      0.00026310736222612664,
      0.0013663592578650177
    ],
    "SKMP": [
      0.4292577435611078,
      0.060631433129304683
    ],
    "SKOP": [
      0.8813864864430405,
      0.0573244633635774
    ]
  }
}