{
  "UniformP (L1,L2)": {
    "APR4_EPP": [
      0.6508832890932555,
      0.08812595602344467
    ],
    "BHF_BBB2": [
      0.5649047405760986,
      0.0827106951889553
    ],
    "H4": [
      5.2359382919952865e-05,
      0.0009120343970732952
    ],
    "HQC18": [
      0.7537666342850354,
      0.09432763656628826
    ],
    "KDE0V": [
      0.9375910462662402,
      0.05499891851750584
    ],
    "MPA1": [
      0.25815287717074387,
      0.05249690960099242
    ],
    "MS1B_PP": [
      8.900140662261909e-16,
      6.1984541579304314e-12
    ],
    "MS1_PP": [
      1.7191536788863227e-24,
      2.873722112534001e-27
    ],
    "SKMP": [
      0.23326874774607,
      0.048284297738102964
    ],
    "SKOP": [
      0.7945386613004733,
      0.09228313445370998
    ]
  },
  "UniformP (dL~,L~)": {
    "APR4_EPP": [
      0.579103123246225,
      0.06186097512857489
    ],
    "BHF_BBB2": [
      0.4953908782373986,
      0.058162152331755715
    ],
    "H4": [
      2.0822667444748912e-09,
      5.3725426193806764e-06
    ],
    "HQC18": [
      0.6843684012564896,
      0.0639801208249173
    ],
    "KDE0V": [
      0.9155010559106279,
      0.044044026334889616
    ],
    "MPA1": [
      0.24140682542365433,
      0.03796757017292019
    ],
    "MS1B_PP": [
      1.4673353959110091e-57,
      7.293436127316412e-41
    ],
    "MS1_PP": [
      7.7614575335466e-96,
      1.9432277352594026e-80
    ],
    "SKMP": [
      0.21244258320116363,
      0.03459419952727144
    ],
    "SKOP": [
      0.7710398928120746,
      0.06990694243497171
    ]
  }
}