{
  "UniformP (L1,L2)": {
    "APR4_EPP": [
      0.48732165322054233,
      0.18111949162562038
    ],
    "BHF_BBB2": [
      0.208334498099184,
      0.10091041694159857
    ],
    "H4": [
      3.3662618443667216e-34,
      1.6377940269219385e-32
    ],
    "HQC18": [
      0.6489382062089645,
      0.19648927737214905
    ],
    "KDE0V": [
      0.8759506606649949,
      0.1314532044527827
    ],
    "MPA1": [
      0.00034214060867730404,
      0.0003461562527376922
    ],
    "MS1B_PP": [
      2.324129984951939e-82,
      2.1696089605991006e-98
    ],
    "MS1_PP": [
      4.926432546131396e-111,
      7.342255240088632e-141
    ],
    "SKMP": [
      0.0008764008802296284,
      0.0006791050603441933
    ],
    "SKOP": [
      0.26327715451411704,
      0.06639663971027851
    ]
  },
  "UniformP (dL~,L~)": {
    "APR4_EPP": [
      0.36673017052685547,
      0.07540475213868382
    ],
    "BHF_BBB2": [
      0.13465828069783206,
      0.0340832814475155
    ],
    "H4": [
      2.763561043653752e-125,
      5.953686394631323e-95
    ],
    "HQC18": [
      0.5327319065237172,
      0.10189672545765596
    ],
    "KDE0V": [
      0.7996096612867494,
      0.10258508108798772
    ],
    "MPA1": [
      0.0001798998052483367,
      0.000397960615031601
    ],
    "MS1B_PP": [
      2.573245763756947e-281,
      0.0
    ],
    "MS1_PP": [
      0.0,
      0.0
    ],
    "SKMP": [
      0.0005436540487713595,
      0.0008448243971464403
    ],
    "SKOP": [
      0.25128456983788977,
      0.06885699274734972
    ]
  }
}