{
  "2D Approximation": {
    "APR4_EPP": [
      1.0271648815694387,
      0.04947427107781149
    ],
    "H4": [
      0.07218626144853686,
      0.020526760681661076
    ]
  },
  "3D Approximation": {
    "APR4_EPP": [
      1.003032201010064,
      0.07024372411146022
    ],
    "H4": [
      0.3318154794287856,
      0.05495344513415856
    ]
  }
}