{
  "2D KDE": {
    "BHF_BBB2": [
      0.9613393609952247,
      0.059885872686975594
    ],
    "KDE0V": [
      1.0554149809040858,
      0.029980811846225492
    ],
    "SKOP": [
      0.7846528900860728,
      0.037591216902353605
    ]
  },
  "3D KDE": {
    "BHF_BBB2": [
      1.4288459567222995,
      0.05801353431434073
    ],
    "KDE0V": [
      1.2389352652125556,
      0.0277256265307405
    ],
    "SKOP": [
      0.686972342784698,
      0.02437487451035506
    ]
  }
}