{
  "2D Approximation": {
    "APR4_EPP": [
      1.0271648815694387,
      0.05202962391144835
    ],
    "BHF_BBB2": [
      0.9613393609952244,
      0.06352970128696181
    ],
    "H4": [
      0.07218626144853686,
      0.018495907710989058
    ],
    "HQC18": [
      1.0431115716850585,
      0.04824255944218231
    ],
    "KDE0V": [
      1.055414980904086,
      0.0286302544587278
    ],
    "MPA1": [
      0.3172777789751895,
      0.044525085648355
    ],
    "MS1B_PP": [
      0.011653988547084309,
      0.007001354237527741
    ],
    "MS1_PP": [
      0.0019338336023550617,
      0.003136437812546996
    ],
    "SKMP": [
      0.3597692998267847,
      0.04700840232300255
    ],
    "SKOP": [
      0.7846528900860728,
      0.03492695363214347
    ]
  },
  "3D Approximation": {
    "APR4_EPP": [
      1.003032201010064,
      0.07293065521799778
    ],
    "BHF_BBB2": [
      0.9552796443963226,
      0.08978002952865463
    ],
    "H4": [
      0.3318154794287856,
      0.06122449705396679
    ],
    "HQC18": [
      1.017740399985582,
      0.06496831899456695
    ],
    "KDE0V": [
      1.0454879679921856,
      0.04104585205074921
    ],
    "MPA1": [
      0.4878789860101897,
      0.08261909755960216
    ],
    "MS1B_PP": [
      0.05236765689563613,
      0.02138969896567197
    ],
    "MS1_PP": [
      0.0069397798145415,
      0.008176544639468828
    ],
    "SKMP": [
      0.5595464214787824,
      0.08511777989220615
    ],
    "SKOP": [
      0.8642609785763891,
      0.05578344826832816
    ]
  }
}