{
  "AP4": [
    1.07830841262849,
    1.0776695308170086,
    1.0599179952172861,
    1.4329703190866736,
    1.437027200871146,
    1.5265692266293336
  ],
  "APR4_EPP": [
    1.0603118482779805,
    1.0555527962127067,
    "nah",
    1.5253508166935692,
    1.533026613659153,
    "nah"
  ],
  "BHF_BBB2": [
    0.9940826407926817,
    1.003340095977465,
    "nah",
    1.5551569196813608,
    1.5514011551638014,
    "nah"
  ],
  "HQC18": [
    1.0736368798447289,
    1.0698651019268934,
    "nah",
    1.422212668236276,
    1.4527172983045413,
    "nah"
  ],
  "KDE0V1": [
    1.0794834060772358,
    1.077313873753838,
    "nah",
    1.28305710056798,
    1.3358659330777127,
    "nah"
  ],
  "MPA1": [
    0.3091303406701477,
    0.3073233768841019,
    0.3839898949787458,
    0.276335012889254,
    0.27564457861937125,
    0.3398638813311517
  ],
  "MS1": [
    0.0003119899298803652,
    0.0003178991432148353,
    0.0022766196301885404,
    0.00033916481130601595,
    0.00016828489080079466,
    0.0011256318747814337
  ],
  "MS1B": [
    0.0018353074282691257,
    0.0018453596150721043,
    "nah",
    0.0006464471031957743,
    0.0007109568810926306,
    "nah"
  ],
  "MS1_PP": [
    0.0022498056416599844,
    0.002578244775279989,
    "nah",
    0.0010775061397696245,
    0.0015440097160168945,
    "nah"
  ],
  "SK255": [
    0.22048117605417938,
    0.220189372425339,
    "nah",
    0.178691649100804,
    0.17812954718116994,
    "nah"
  ],
  "SK272": [
    0.20155322652616892,
    0.20466599623744414,
    "nah",
    0.15909289471221788,
    0.16050304929145962,
    "nah"
  ],
  "SKI4": [
    0.3918030583411569,
    0.38059035425188414,
    "nah",
    0.3303272427958818,
    0.3231281241475327,
    "nah"
  ],
  "SKI6": [
    0.336728825827826,
    0.3170615781278424,
    "nah",
    0.2881505379856549,
    0.27402074046278213,
    "nah"
  ],
  "SKOP": [
    0.7798152596632115,
    0.7754272280984135,
    "nah",
    0.6175425218959683,
    0.6129857423228804,
    "nah"
  ],
  "SLY2": [
    1.009782551365163,
    0.9932627807759562,
    "nah",
    1.0282680362790007,
    0.9937906949151786,
    "nah"
  ],
  "SLY230A": [
    0.9471927702597277,
    0.9165759029518197,
    "nah",
    0.9323208091803123,
    0.8776602675706351,
    "nah"
  ],
  "SLY9": [
    0.4478723535070759,
    0.470988911405044,
    "nah",
    0.37012923711100654,
    0.3859678902618872,
    "nah"
  ]
}