{
  "APR4_EPP": {
    "named": 1.0603118482779805,
    "og": 1.0555505825484985,
    "piecewise": 1.047086059627612,
    "spectral": 1.0661376069914497
  }
}