{
  "APR4_EPP": {
    "og": 0.44904390507515435,
    "piecewise": 1.2473489447324577,
    "spectral": 0.5494382358294463
  }
}