{
  "ALF1": 0.37735184091996493,
  "ALF2": 0.16199313647412208,
  "ALF3": 0.48390344158301873,
  "ALF4": 1.0227920154864951,
  "AP1": 0.26571229191670476,
  "AP2": 0.48206624921825697,
  "AP3": 0.6901601248728654,
  "AP4": 1.07830841262849,
  "APR": 1.0618950269816192,
  "APR4_EPP": 1.0603118482779805,
  "BBB2": 1.06671776344053,
  "BGN1H1": 0.17947532393887852,
  "BHF_BBB2": 0.9940826407926817,
  "BPAL12": 0.6164082096322304,
  "BSK19": 0.7568626576208619,
  "BSK20": 0.9754339888198228,
  "BSK21": 0.27804437802156085,
  "ENG": 0.5961998617194866,
  "FPS": 0.8312069362272918,
  "GNH3": 0.006250292830960082,
  "GS1": 0.14295391265257013,
  "GS2": 0.217746220354902,
  "H1": 0.24321160732302752,
  "H2": 0.13804089964994132,
  "H3": 0.055105011456723585,
  "H4": 0.07383467129586224,
  "H5": 0.18651751800509417,
  "H6": 0.18234692261511168,
  "H7": 0.24167467165321035,
  "HQC18": 1.0736368798447289,
  "KDE0V": 1.07474763367971,
  "KDE0V1": 1.0794834060772358,
  "MPA1": 0.3091303406701477,
  "MS1": 0.0003119899298803652,
  "MS1B": 0.0018353074282691257,
  "MS1B_PP": 0.01358498773189385,
  "MS1_PP": 0.0022498056416599844,
  "MS2": 1.0047654244584945,
  "PAL6": 0.536584738072907,
  "PCL2": 1.0288388819905174,
  "PS": 0.00022632217614564087,
  "QMC700": 0.2894434912873129,
  "RS": 0.21785728212654862,
  "SK255": 0.22048117605417938,
  "SK272": 0.20155322652616892,
  "SKA": 0.0002366444015902842,
  "SKB": 0.38397455272328357,
  "SKI2": 0.14036772510374332,
  "SKI3": 0.13512937817276352,
  "SKI4": 0.3918030583411569,
  "SKI5": 0.03536496921537162,
  "SKI6": 0.336728825827826,
  "SKMP": 0.3562074473918646,
  "SKOP": 0.7798152596632115,
  "SLY": 1.0,
  "SLY2": 1.009782551365163,
  "SLY230A": 0.9471927702597277,
  "SLY4": 0.999949404450831,
  "SLY9": 0.4478723535070759,
  "SQM1": 0.5964261599509318,
  "SQM2": 0.26962304537016507,
  "SQM3": 0.2780022761862861,
  "WFF1": 0.6656586494720123,
  "WFF2": 1.0253263682875104,
  "WFF3": 0.9085171273609817
}