{
  "APR4_EPP": 1.0603118482779805,
  "H4": 0.07383467129586224,
  "MS1": 0.0003119899298803652
}