{
  "UniformP (L1,L2)": {
    "APR4_EPP": [
      1.0165961574778222,
      0.04068988724955035
    ],
    "BHF_BBB2": [
      1.0059961797790078,
      0.04203058914552604
    ],
    "H4": [
      0.7616759035659912,
      0.08407226678577026
    ],
    "HQC18": [
      1.01422529006439,
      0.03283042552236155
    ],
    "KDE0V": [
      0.9983201242108021,
      0.011305135090189003
    ],
    "MPA1": [
      0.9557841296099447,
      0.062129614090606584
    ],
    "MS1B_PP": [
      0.5958084751377544,
      0.06792157625120716
    ],
    "MS1_PP": [
      0.5066006509330359,
      0.059975935195357655
    ],
    "SKMP": [
      0.9357552947006443,
      0.061452218353510335
    ],
    "SKOP": [
      0.9734385111311565,
      0.03208489630037741
    ]
  },
  "UniformP (dL~,L~)": {
    "APR4_EPP": [
      0.9992516460336472,
      0.011876888731548968
    ],
    "BHF_BBB2": [
      0.9933207129868964,
      0.017842673594493846
    ],
    "H4": [
      0.858069843108037,
      0.07684745154134727
    ],
    "HQC18": [
      1.0000110735585586,
      0.01006327416703466
    ],
    "KDE0V": [
      0.9949696308980562,
      0.006574841345704823
    ],
    "MPA1": [
      0.9947087586345607,
      0.03702149438181338
    ],
    "MS1B_PP": [
      0.6245622552377711,
      0.07439586801838088
    ],
    "MS1_PP": [
      0.5395960299155802,
      0.06618776714275068
    ],
    "SKMP": [
      0.9906625387577067,
      0.031422418400495526
    ],
    "SKOP": [
      0.9957973196931047,
      0.009984624687574488
    ]
  }
}