{
  "UniformP (L1,L2)": {
    "APR4_EPP": [
      0.9293465478408355,
      0.060819485425779675
    ],
    "BHF_BBB2": [
      0.8935566129293383,
      0.06716450893262058
    ],
    "H4": [
      0.21279814026678748,
      0.03490319315763227
    ],
    "HQC18": [
      0.9464805600332223,
      0.05116587206598056
    ],
    "KDE0V": [
      0.9756968399498439,
      0.02193297146154235
    ],
    "MPA1": [
      0.7976247849353942,
      0.0757105783079685
    ],
    "MS1B_PP": [
      0.051331180132421134,
      0.014322608147402703
    ],
    "MS1_PP": [
      0.024689551295356015,
      0.00996043612655028
    ],
    "SKMP": [
      0.8083284601144971,
      0.0791320555959137
    ],
    "SKOP": [
      0.9716500557876115,
      0.04920245442273716
    ]
  },
  "UniformP (dL~,L~)": {
    "APR4_EPP": [
      0.9214569475027019,
      0.03981615867843843
    ],
    "BHF_BBB2": [
      0.8670586747963007,
      0.04948539000711334
    ],
    "H4": [
      0.20205291251153962,
      0.03514862496389114
    ],
    "HQC18": [
      0.9412879497990151,
      0.03197398317432884
    ],
    "KDE0V": [
      0.9686870805367594,
      0.019890704381184975
    ],
    "MPA1": [
      0.8302011707341204,
      0.07547690707162452
    ],
    "MS1B_PP": [
      0.06703642055053549,
      0.018608792566568225
    ],
    "MS1_PP": [
      0.03245308838638322,
      0.013242376986453513
    ],
    "SKMP": [
      0.8573706576975794,
      0.07417155971024329
    ],
    "SKOP": [
      0.9841315159074108,
      0.03385578879038032
    ]
  }
}