{
  "UniformP (L1,L2)": {
    "APR4_EPP": [
      0.896788034313072,
      0.059085115566302235
    ],
    "BHF_BBB2": [
      0.8619000017757763,
      0.06806042776906977
    ],
    "H4": [
      0.1691224363179626,
      0.03188391371151532
    ],
    "HQC18": [
      0.9194886692330242,
      0.05196842998727614
    ],
    "KDE0V": [
      0.9648515818057632,
      0.024120087796682465
    ],
    "MPA1": [
      0.8451386509032892,
      0.08514829481507807
    ],
    "MS1B_PP": [
      0.04467879775325285,
      0.015181040889114933
    ],
    "MS1_PP": [
      0.02249390059684799,
      0.010229060979773547
    ],
    "SKMP": [
      0.8600575122138515,
      0.08571891600173828
    ],
    "SKOP": [
      0.996077386895714,
      0.05172008047101208
    ]
  },
  "UniformP (dL~,L~)": {
    "APR4_EPP": [
      0.8758953832526148,
      0.04539273521349057
    ],
    "BHF_BBB2": [
      0.828444180647833,
      0.05249541733703848
    ],
    "H4": [
      0.20396286139580935,
      0.0350752168480275
    ],
    "HQC18": [
      0.8988708102351034,
      0.03868490937820443
    ],
    "KDE0V": [
      0.9500234137399469,
      0.02211296713584066
    ],
    "MPA1": [
      0.8080705132734161,
      0.07498283591022642
    ],
    "MS1B_PP": [
      0.0461176219944155,
      0.015795297136383692
    ],
    "MS1_PP": [
      0.0198724306390293,
      0.010338488669371846
    ],
    "SKMP": [
      0.8314143387311909,
      0.07588501872607585
    ],
    "SKOP": [
      1.019590190645276,
      0.04228457052077834
    ]
  }
}