{
  "UniformP (L1,L2)": {
    "APR4_EPP": [
      0.9815356526792556,
      0.05680538465571901
    ],
    "BHF_BBB2": [
      0.9738544227462587,
      0.06081542597445655
    ],
    "H4": [
      0.35548280135657384,
      0.0492314833151321
    ],
    "HQC18": [
      0.9851214235457416,
      0.04805170083864671
    ],
    "KDE0V": [
      0.9938509602107163,
      0.017067801234817912
    ],
    "MPA1": [
      0.9258525116569923,
      0.07493696574490433
    ],
    "MS1B_PP": [
      0.16856940946859597,
      0.0299648125238213
    ],
    "MS1_PP": [
      0.10608638803217617,
      0.0226380281886866
    ],
    "SKMP": [
      0.914681530209942,
      0.0789220560076205
    ],
    "SKOP": [
      0.9966090581491172,
      0.04740829173697664
    ]
  },
  "UniformP (dL~,L~)": {
    "APR4_EPP": [
      0.959821329606203,
      0.033136428785571506
    ],
    "BHF_BBB2": [
      0.9453429544443386,
      0.03958436481188744
    ],
    "H4": [
      0.36719094829619714,
      0.050577188074733916
    ],
    "HQC18": [
      0.9685523588305925,
      0.027802047793469946
    ],
    "KDE0V": [
      0.9880813251780087,
      0.013635824234094155
    ],
    "MPA1": [
      0.9293480622414947,
      0.06396703562864146
    ],
    "MS1B_PP": [
      0.1788883062591585,
      0.03253304300617744
    ],
    "MS1_PP": [
      0.11983742390260302,
      0.025421074386444087
    ],
    "SKMP": [
      0.9230713172784595,
      0.06617528063300515
    ],
    "SKOP": [
      0.9946949212115782,
      0.029026487980368984
    ]
  }
}