{
  "UniformP (L1,L2)": {
    "APR4_EPP": [
      0.9473880259603549,
      0.04584153135941475
    ],
    "BHF_BBB2": [
      0.9272577122345868,
      0.05195297381904596
    ],
    "H4": [
      0.37861935408977343,
      0.048408096168428616
    ],
    "HQC18": [
      0.9569560115607171,
      0.038759022415259366
    ],
    "KDE0V": [
      0.9798186667126435,
      0.01757287999228603
    ],
    "MPA1": [
      0.927228328934062,
      0.07097496305055007
    ],
    "MS1B_PP": [
      0.15960809140859789,
      0.027239262796791248
    ],
    "MS1_PP": [
      0.10252248869200868,
      0.019550179728658097
    ],
    "SKMP": [
      0.9353444502104451,
      0.06817902512764627
    ],
    "SKOP": [
      1.0081076996037543,
      0.03623994268561917
    ]
  },
  "UniformP (dL~,L~)": {
    "APR4_EPP": [
      0.9509446132249653,
      0.02987420812096416
    ],
    "BHF_BBB2": [
      0.9255852662433672,
      0.039460203330080795
    ],
    "H4": [
      0.3721624811925096,
      0.04977707636613799
    ],
    "HQC18": [
      0.9601507544657846,
      0.025861873364405482
    ],
    "KDE0V": [
      0.9769391280457956,
      0.015166652597858902
    ],
    "MPA1": [
      0.9672781644661173,
      0.07033926323153626
    ],
    "MS1B_PP": [
      0.14467401404257596,
      0.029259432590595328
    ],
    "MS1_PP": [
      0.09785664891814103,
      0.023281889021657676
    ],
    "SKMP": [
      0.9796790514026221,
      0.06812727662648342
    ],
    "SKOP": [
      1.0138722945133267,
      0.02564888569038691
    ]
  }
}