{
  "UniformP (L1,L2)": {
    "APR4_EPP": [
      0.9643463768481739,
      0.042063638211393715
    ],
    "BHF_BBB2": [
      0.9428911565873137,
      0.052038174215652794
    ],
    "H4": [
      0.38663181420132364,
      0.04891000927283238
    ],
    "HQC18": [
      0.970830008672497,
      0.03529008970199498
    ],
    "KDE0V": [
      0.9837340334647209,
      0.01846107173169809
    ],
    "MPA1": [
      0.9339316406214478,
      0.07218092016800552
    ],
    "MS1B_PP": [
      0.15456652171880222,
      0.02688381244168062
    ],
    "MS1_PP": [
      0.10467263524607147,
      0.020695163173618556
    ],
    "SKMP": [
      0.9551425326554562,
      0.06823827765821723
    ],
    "SKOP": [
      1.004674828277924,
      0.03399393824168624
    ]
  },
  "UniformP (dL~,L~)": {
    "APR4_EPP": [
      0.9234872052290471,
      0.02943778008447706
    ],
    "BHF_BBB2": [
      0.876573577807356,
      0.03919237383625326
    ],
    "H4": [
      0.39992425022852973,
      0.055664050105383125
    ],
    "HQC18": [
      0.93861942701373,
      0.024958899097666232
    ],
    "KDE0V": [
      0.960190944821428,
      0.017787799761639266
    ],
    "MPA1": [
      0.9081486767742847,
      0.07364469159353035
    ],
    "MS1B_PP": [
      0.1448277407885663,
      0.02911604891496028
    ],
    "MS1_PP": [
      0.0939530135793154,
      0.023371384197520453
    ],
    "SKMP": [
      0.9484435082977832,
      0.0659125015247951
    ],
    "SKOP": [
      1.0222093482624492,
      0.024487436577158943
    ]
  }
}