{
  "UniformP (L1,L2)": {
    "APR4_EPP": [
      1.0051879020960879,
      0.022664807554732245
    ],
    "BHF_BBB2": [
      0.9855318768692639,
      0.03021065412542508
    ],
    "H4": [
      0.7141617168613864,
      0.06524798647121378
    ],
    "HQC18": [
      1.0062715500294788,
      0.0202984026420621
    ],
    "KDE0V": [
      0.9936805096412513,
      0.012308826678498688
    ],
    "MPA1": [
      0.9441690971833893,
      0.05170356916410945
    ],
    "MS1B_PP": [
      0.3864268145515549,
      0.04266911739150296
    ],
    "MS1_PP": [
      0.30428745067561136,
      0.034424752392886414
    ],
    "SKMP": [
      0.964234774092897,
      0.04260831662426607
    ],
    "SKOP": [
      0.9893292831976981,
      0.016367906680741624
    ]
  },
  "UniformP (dL~,L~)": {
    "APR4_EPP": [
      1.0033010473820825,
      0.014811148901240167
    ],
    "BHF_BBB2": [
      0.9993369623965469,
      0.028897438725998505
    ],
    "H4": [
      0.6441036049106469,
      0.07097020301174645
    ],
    "HQC18": [
      1.004065533912619,
      0.012233142738756645
    ],
    "KDE0V": [
      1.0007843100779283,
      0.013654337161000453
    ],
    "MPA1": [
      0.9144894005155967,
      0.05498745078841384
    ],
    "MS1B_PP": [
      0.3362105620955124,
      0.048249345353952526
    ],
    "MS1_PP": [
      0.2624669472105415,
      0.041062059794309
    ],
    "SKMP": [
      0.9528843811400821,
      0.041182901615260885
    ],
    "SKOP": [
      0.9934465886855579,
      0.00944213008070777
    ]
  }
}