{
  "(L1,L2) Uniform Prior": {
    "APR4_EPP": [
      0.9933358290334204,
      0.019221856949066925
    ],
    "BHF_BBB2": [
      0.9733283061359516,
      0.026588968863243176
    ],
    "H4": [
      0.7141589243447817,
      0.08039975836127218
    ],
    "HQC18": [
      0.9960314625096357,
      0.01706548427310759
    ],
    "KDE0V": [
      0.9901176312385647,
      0.010694001303801267
    ],
    "KDE0V1": [
      0.9903993976715589,
      0.01241032140066587
    ],
    "MPA1": [
      0.9538550168135417,
      0.04808983880238596
    ],
    "MS1B_PP": [
      0.4044961029188959,
      0.05913855280745597
    ],
    "MS1_PP": [
      0.32168746147511545,
      0.051532122609848095
    ],
    "RS": [
      0.9210012730747655,
      0.06248774305083048
    ],
    "SK255": [
      0.9229230342248667,
      0.05919666515002487
    ],
    "SK272": [
      0.8874425641510358,
      0.06592542843492898
    ],
    "SKI2": [
      0.8091083219847542,
      0.08045949136444716
    ],
    "SKI3": [
      0.7900999934598144,
      0.08057469628482244
    ],
    "SKI4": [
      0.9773637728486414,
      0.03914674387884208
    ],
    "SKI5": [
      0.6246371172954085,
      0.07409106434688222
    ],
    "SKI6": [
      0.96818275584483,
      0.044649479973938214
    ],
    "SKMP": [
      0.973201997697693,
      0.04198114527064974
    ],
    "SKOP": [
      0.9961106096463416,
      0.0155273935915773
    ],
    "SLY2": [
      1.0000825662741573,
      0.000893901535965851
    ],
    "SLY230A": [
      1.0030488617412179,
      0.004570073046114058
    ],
    "SLY9": [
      0.9839144219700033,
      0.03559414048650024
    ]
  },
  "(dL~,L~) Uniform Prior": {
    "APR4_EPP": [
      1.003301244729706,
      0.015465011930627803
    ],
    "BHF_BBB2": [
      0.9993372505623028,
      0.028101963533380934
    ],
    "H4": [
      0.6440991726910873,
      0.0718851605488481
    ],
    "HQC18": [
      1.0040657031304563,
      0.012383074533843666
    ],
    "KDE0V": [
      1.0007844967301125,
      0.014074044140797907
    ],
    "KDE0V1": [
      1.0017075735494687,
      0.01449304378254112
    ],
    "MPA1": [
      0.9144875929309741,
      0.05300580901732028
    ],
    "MS1B_PP": [
      0.3362068403818917,
      0.04569062792240697
    ],
    "MS1_PP": [
      0.2624635784761798,
      0.04074193446677352
    ],
    "RS": [
      0.8880690356648513,
      0.05613518844218908
    ],
    "SK255": [
      0.8891864467509434,
      0.057648829415288046
    ],
    "SK272": [
      0.8399643571353975,
      0.06353890526751026
    ],
    "SKI2": [
      0.7455188177469374,
      0.07086702966846636
    ],
    "SKI3": [
      0.7185853889653788,
      0.07050336532153399
    ],
    "SKI4": [
      0.9537417879887572,
      0.040906083296838175
    ],
    "SKI5": [
      0.5535495322886653,
      0.06738037236971423
    ],
    "SKI6": [
      0.9412969363114732,
      0.04703637850706436
    ],
    "SKMP": [
      0.9528830854904565,
      0.04086687090283809
    ],
    "SKOP": [
      0.9934463717874182,
      0.009413101523125512
    ],
    "SLY2": [
      1.0003768142746783,
      0.0006216854581862339
    ],
    "SLY230A": [
      0.9981685794580102,
      0.006498910160271307
    ],
    "SLY9": [
      0.9631791621159556,
      0.03526210522855372
    ]
  }
}