{
  "UniformP (L1,L2)": {
    "APR4_EPP": [
      0.9015291133640434,
      0.10240539006034433
    ],
    "BHF_BBB2": [
      0.7483500308337934,
      0.10092920808794831
    ],
    "H4": [
      0.0006728307739206166,
      0.0021038648241510504
    ],
    "HQC18": [
      0.9526735594662169,
      0.09653435059229588
    ],
    "KDE0V": [
      1.0102332411633874,
      0.06604336777406515
    ],
    "MPA1": [
      0.26460007452191203,
      0.05059251435258549
    ],
    "MS1B_PP": [
      2.23782580235513e-19,
      4.674759312293992e-15
    ],
    "MS1_PP": [
      3.721849806336065e-32,
      4.366525983782537e-33
    ],
    "SKMP": [
      0.33338673457269696,
      0.057256774653072606
    ],
    "SKOP": [
      0.8172532521796259,
      0.0766595464016033
    ]
  },
  "UniformP (dL~,L~)": {
    "APR4_EPP": [
      0.8683751392151755,
      0.08006689305819877
    ],
    "BHF_BBB2": [
      0.7439468158305885,
      0.08153924236874434
    ],
    "H4": [
      0.0003523216806736251,
      0.001620060256608161
    ],
    "HQC18": [
      0.9165845397353101,
      0.07370928607209593
    ],
    "KDE0V": [
      0.9803102553710027,
      0.051196432465833594
    ],
    "MPA1": [
      0.27930208325759387,
      0.04487006532641405
    ],
    "MS1B_PP": [
      3.021639676681061e-07,
      0.00012729267261203157
    ],
    "MS1_PP": [
      9.440945151492646e-23,
      3.085225882011282e-13
    ],
    "SKMP": [
      0.34251799996619176,
      0.051468041349348514
    ],
    "SKOP": [
      0.8387824193325614,
      0.06777379003409671
    ]
  }
}