{
  "UniformP (L1,L2)": {
    "APR4_EPP": [
      1.0746654143493821,
      0.13529243400238694
    ],
    "BHF_BBB2": [
      0.8429626989220562,
      0.11234014409427322
    ],
    "H4": [
      1.1016829633379578e-22,
      7.452613896999013e-23
    ],
    "HQC18": [
      1.1424793426816349,
      0.14050833260527557
    ],
    "KDE0V": [
      1.1260857621927893,
      0.10221797492536691
    ],
    "MPA1": [
      0.013334608225196517,
      0.0116686797104966
    ],
    "MS1B_PP": [
      1.0307735667353348e-48,
      1.0585883533828254e-63
    ],
    "MS1_PP": [
      1.1695640268737407e-59,
      2.1021459584355266e-83
    ],
    "SKMP": [
      0.0231196285576994,
      0.014657032480607004
    ],
    "SKOP": [
      0.4368372144925803,
      0.0682096342104565
    ]
  },
  "UniformP (dL~,L~)": {
    "APR4_EPP": [
      1.1743825985437726,
      0.12950825602136792
    ],
    "BHF_BBB2": [
      0.8745515093847152,
      0.10814491483831293
    ],
    "H4": [
      4.2013612463114157e-113,
      2.7563904985022203e-83
    ],
    "HQC18": [
      1.278500724592498,
      0.14151812802872943
    ],
    "KDE0V": [
      1.2068416265148718,
      0.10257784698514365
    ],
    "MPA1": [
      0.0076079844239285805,
      0.007393487945216237
    ],
    "MS1B_PP": [
      3.189333698624614e-259,
      0.0
    ],
    "MS1_PP": [
      0.0,
      0.0
    ],
    "SKMP": [
      0.013083092302889458,
      0.009933958014188726
    ],
    "SKOP": [
      0.3291433194401863,
      0.05519713535571854
    ]
  }
}