{
  "(L1,L2) Uniform Prior": {
    "APR4_EPP": [
      1.126166409073362,
      0.14369606368723056
    ],
    "BHF_BBB2": [
      0.8863616169451207,
      0.13139111799405745
    ],
    "H4": [
      1.8319937763589313e-20,
      2.243671767494765e-16
    ],
    "HQC18": [
      1.197105445645164,
      0.13858786096696815
    ],
    "KDE0V": [
      1.1668755503205537,
      0.07356843529818227
    ],
    "KDE0V1": [
      1.2068591678403935,
      0.11216778935614187
    ],
    "MPA1": [
      0.011181122909829344,
      0.010841761125986707
    ],
    "MS1B_PP": [
      2.1875848420665157e-40,
      7.778229563974028e-37
    ],
    "MS1_PP": [
      2.2388374478260306e-49,
      5.0951047484260553e-45
    ],
    "RS": [
      2.4311297539897988e-05,
      0.0009345556608130777
    ],
    "SK255": [
      4.1674941857727235e-05,
      0.001029567253569833
    ],
    "SK272": [
      1.391071366273345e-07,
      9.733451615507808e-05
    ],
    "SKI2": [
      8.439491320673548e-15,
      7.0097819160816815e-12
    ],
    "SKI3": [
      4.3350109864971184e-15,
      4.503090668234106e-11
    ],
    "SKI4": [
      0.031803519361613145,
      0.018831383746803165
    ],
    "SKI5": [
      1.4020325015081688e-29,
      1.6535291624141399e-25
    ],
    "SKI6": [
      0.016961185407843107,
      0.013993328708916961
    ],
    "SKMP": [
      0.01937270533013734,
      0.01490947217597978
    ],
    "SKOP": [
      0.440072398905228,
      0.0710961682987359
    ],
    "SLY2": [
      1.0363026889484968,
      0.008325088946489876
    ],
    "SLY230A": [
      0.8861154307685678,
      0.03912279090664827
    ],
    "SLY9": [
      0.05449734817804939,
      0.026177227920916077
    ]
  },
  "(dL~,L~) Uniform Prior": {
    "APR4_EPP": [
      1.1743707537143229,
      0.12023447854910083
    ],
    "BHF_BBB2": [
      0.8745408008990797,
      0.1066169827343642
    ],
    "H4": [
      4.2058481251186614e-113,
      7.603500854340642e-81
    ],
    "HQC18": [
      1.278490751843932,
      0.14037279735592104
    ],
    "KDE0V": [
      1.2068370903919872,
      0.1016255272406354
    ],
    "KDE0V1": [
      1.281599447051362,
      0.117504794402299
    ],
    "MPA1": [
      0.007608205989745771,
      0.006834234841722422
    ],
    "MS1B_PP": [
      3.1979586185735213e-259,
      0.0
    ],
    "MS1_PP": [
      0.0,
      0.0
    ],
    "RS": [
      1.3283471608432904e-09,
      3.171969420295672e-05
    ],
    "SK255": [
      1.1217580836245971e-08,
      5.1856422217208745e-05
    ],
    "SK272": [
      4.806500537084633e-19,
      9.39802747395382e-12
    ],
    "SKI2": [
      5.258846724167622e-71,
      3.154397293399397e-47
    ],
    "SKI3": [
      3.0821068468541316e-74,
      2.1662826447561215e-56
    ],
    "SKI4": [
      0.023455670942069937,
      0.013823791459732023
    ],
    "SKI5": [
      6.263911261129043e-235,
      0.0
    ],
    "SKI6": [
      0.011346608308802655,
      0.009036000038007806
    ],
    "SKMP": [
      0.013083368084149697,
      0.009144663203465467
    ],
    "SKOP": [
      0.32914602616330013,
      0.05246560911843948
    ],
    "SLY2": [
      1.0395047389161842,
      0.015241955534995359
    ],
    "SLY230A": [
      0.8621989176006647,
      0.04184910610780045
    ],
    "SLY9": [
      0.04831478844157877,
      0.018448512315200054
    ]
  }
}