{
  "(L1,L2) Uniform Prior": {
    "APR4_EPP": [
      0.48989923631991017,
      0.13578116817287883
    ],
    "BHF_BBB2": [
      0.20937329165697147,
      0.08088295570298797
    ],
    "H4": [
      3.345592409915155e-34,
      3.529765851874717e-29
    ],
    "HQC18": [
      0.6514105986929727,
      0.15390296119077734
    ],
    "KDE0V": [
      0.8763487015521799,
      0.09272197435958855
    ],
    "KDE0V1": [
      0.8323720420082833,
      0.12044869625964123
    ],
    "MPA1": [
      0.00034128216391209585,
      0.00037478128974076326
    ],
    "MS1B_PP": [
      2.3482525277848722e-82,
      1.3382845860308233e-71
    ],
    "MS1_PP": [
      4.961347188562699e-111,
      1.1608620875648884e-102
    ],
    "RS": [
      1.1841281681888981e-07,
      5.240205188738581e-07
    ],
    "SK255": [
      1.995928644843492e-07,
      1.034386948160762e-06
    ],
    "SK272": [
      1.3121611251447966e-10,
      1.5926986206476338e-08
    ],
    "SKI2": [
      1.083112402460256e-24,
      1.715584585238002e-19
    ],
    "SKI3": [
      5.567108423787823e-25,
      8.900858578745017e-21
    ],
    "SKI4": [
      0.0028420077006170823,
      0.0016273708293916193
    ],
    "SKI5": [
      1.6534450529777211e-52,
      2.3301597043926928e-46
    ],
    "SKI6": [
      0.0007021868322368044,
      0.0005378921808241195
    ],
    "SKMP": [
      0.0008735985557183698,
      0.0007135079356922517
    ],
    "SKOP": [
      0.2627218082309959,
      0.05194822630639807
    ],
    "SLY2": [
      1.035820384666054,
      0.011977700389944198
    ],
    "SLY230A": [
      0.9243793180701897,
      0.03977464643150461
    ],
    "SLY9": [
      0.008145744214121516,
      0.003758133048551834
    ]
  },
  "(dL~,L~) Uniform Prior": {
    "APR4_EPP": [
      0.30502439736143855,
      0.026439147156660396
    ],
    "BHF_BBB2": [
      0.09826432340895042,
      0.009204202205632155
    ],
    "H4": [
      1.1907618628775606e-250,
      0.0
    ],
    "HQC18": [
      0.4655519572352536,
      0.028172602921045592
    ],
    "KDE0V": [
      0.7536770480130656,
      0.038443983169582314
    ],
    "KDE0V1": [
      0.6541744349038351,
      0.04214863734468376
    ],
    "MPA1": [
      0.0001743590908148835,
      7.295046147258683e-05
    ],
    "MS1B_PP": [
      0.0,
      0.0
    ],
    "MS1_PP": [
      0.0,
      0.0
    ],
    "RS": [
      5.062389081413064e-09,
      2.8626847820935412e-08
    ],
    "SK255": [
      1.1831736765361513e-08,
      4.34095956315998e-08
    ],
    "SK272": [
      5.6900998516124344e-18,
      2.5770344904782406e-13
    ],
    "SKI2": [
      1.1824125404260458e-107,
      2.7424380273485903e-80
    ],
    "SKI3": [
      6.964208617254135e-117,
      6.324974974263925e-97
    ],
    "SKI4": [
      0.0017690102500089713,
      0.00041262640591482826
    ],
    "SKI5": [
      0.0,
      0.0
    ],
    "SKI6": [
      0.0004129491539307858,
      0.00012664689347265438
    ],
    "SKMP": [
      0.0005533686297067536,
      0.000166046276024604
    ],
    "SKOP": [
      0.24466678369271538,
      0.020860288108069513
    ],
    "SLY2": [
      1.01897591306297,
      0.008538403346323853
    ],
    "SLY230A": [
      0.9331203985075489,
      0.028422340501376576
    ],
    "SLY9": [
      0.005920286060321858,
      0.0011333107082844341
    ]
  }
}