{
  "2D Approximation": {
    "APR4_EPP": [
      0.3927240764191042,
      0.05343506209306567
    ],
    "BHF_BBB2": [
      0.24562661207844777,
      0.041381567372767596
    ],
    "H4": [
      2.4292736935286154e-07,
      5.41036290591219e-07
    ],
    "HQC18": [
      0.48337159037794514,
      0.05355139940348334
    ],
    "KDE0V": [
      0.6894510711165308,
      0.042809168451894905
    ],
    "MPA1": [
      0.22808407354854376,
      0.10754554437213407
    ],
    "MS1B_PP": [
      3.72644484512058e-13,
      1.6380071007956627e-12
    ],
    "MS1_PP": [
      6.664613883339778e-16,
      3.752716463689186e-15
    ],
    "SKMP": [
      0.28262507041835483,
      0.12079895198575903
    ],
    "SKOP": [
      1.0326783449168635,
      0.12965700535297778
    ]
  },
  "3D Approximation": {
    "APR4_EPP": [
      0.5274373968140956,
      0.14167027657366318
    ],
    "BHF_BBB2": [
      0.3742457059228024,
      0.12099707987554957
    ],
    "H4": [
      3.358197062809192e-07,
      3.342568359294069e-07
    ],
    "HQC18": [
      0.6107563621447334,
      0.13017177723357592
    ],
    "KDE0V": [
      0.7696936120021423,
      0.05935720122842041
    ],
    "MPA1": [
      0.23019663765393547,
      0.0667707150396019
    ],
    "MS1B_PP": [
      6.792601570469823e-13,
      1.2451792580591483e-12
    ],
    "MS1_PP": [
      7.429429155850046e-16,
      2.024807134617852e-15
    ],
    "SKMP": [
      0.23820792732247073,
      0.06808753123023205
    ],
    "SKOP": [
      0.8610155329143907,
      0.12797016286409635
    ]
  }
}