{
  "2D KDE": {
    "BHF_BBB2": [
      0.9612479805084633,
      0.06457585042413672
    ],
    "KDE0V": [
      1.05536636832279,
      0.02929846928931945
    ],
    "KDE0V1": [
      1.0551165294757374,
      0.03706118689089812
    ]
  },
  "3D KDE": {
    "BHF_BBB2": [
      1.1286681745401228,
      0.07329940524363789
    ],
    "KDE0V": [
      1.1199795430758352,
      0.03153643262531082
    ],
    "KDE0V1": [
      1.1379728772187994,
      0.03862534451540374
    ]
  }
}