{
  "2D KDE": {
    "APR4_EPP": [
      1.027087663621887,
      0.056732730920269966
    ],
    "BHF_BBB2": [
      0.9612479805084633,
      0.06518576731120589
    ],
    "H4": [
      0.07220606432008164,
      0.018708093230693616
    ],
    "HQC18": [
      1.043040757870534,
      0.049164153970070554
    ],
    "KDE0V": [
      1.05536636832279,
      0.03310593054168669
    ],
    "KDE0V1": [
      1.0551165294757374,
      0.03616476507881395
    ],
    "MPA1": [
      0.31730289728426264,
      0.04338431932102848
    ],
    "MS1B_PP": [
      0.011657126415408867,
      0.0064851244341555675
    ],
    "MS1_PP": [
      0.0019355274762398189,
      0.0031697890482137664
    ],
    "RS": [
      0.22966698884802123,
      0.03747291306680368
    ],
    "SK255": [
      0.23264859832100906,
      0.038075329963102776
    ],
    "SK272": [
      0.2115638882578473,
      0.0335103351103763
    ],
    "SKI2": [
      0.1406122594612146,
      0.027397988374094517
    ],
    "SKI3": [
      0.13502296468940964,
      0.02564754911762373
    ],
    "SKI4": [
      0.3926120594563612,
      0.046445266933305474
    ],
    "SKI5": [
      0.03214358269574672,
      0.01429361116421916
    ],
    "SKI6": [
      0.3421423747347486,
      0.04548824380497251
    ],
    "SKMP": [
      0.3598108214718945,
      0.04834391893301075
    ],
    "SKOP": [
      0.7847174116509227,
      0.03845919194514239
    ],
    "SLY2": [
      1.0084498924760563,
      0.00256325734185039
    ],
    "SLY230A": [
      0.951855081853849,
      0.011639290930648
    ],
    "SLY9": [
      0.4457540207149623,
      0.04662187708014338
    ]
  },
  "3D KDE": {
    "APR4_EPP": [
      1.1603559312349607,
      0.05228991260166922
    ],
    "BHF_BBB2": [
      1.1286681745401228,
      0.07251380974189911
    ],
    "H4": [
      0.059137632998483174,
      0.02262745703785525
    ],
    "HQC18": [
      1.156624852756072,
      0.05625716788888344
    ],
    "KDE0V": [
      1.1199795430758352,
      0.030871711398098925
    ],
    "KDE0V1": [
      1.1379728772187994,
      0.04000031798027628
    ],
    "MPA1": [
      0.344015547101816,
      0.06287704700956251
    ],
    "MS1B_PP": [
      0.005818012502717165,
      0.0074497859717165575
    ],
    "MS1_PP": [
      0.002024747285029225,
      0.004865601030366634
    ],
    "RS": [
      0.3623505606016517,
      0.06880184798063851
    ],
    "SK255": [
      0.3604944186721754,
      0.06117377217453512
    ],
    "SK272": [
      0.3538300616414021,
      0.07315913976389646
    ],
    "SKI2": [
      0.16662219751458873,
      0.04355599238215652
    ],
    "SKI3": [
      0.15199881954873362,
      0.038748281886414264
    ],
    "SKI4": [
      0.3912371615703951,
      0.06248489471263956
    ],
    "SKI5": [
      0.024811266364798926,
      0.015545600072193628
    ],
    "SKI6": [
      0.3572462440857047,
      0.06196772299266799
    ],
    "SKMP": [
      0.36989668152596183,
      0.06252643316660177
    ],
    "SKOP": [
      0.7599550707725574,
      0.03347644413824824
    ],
    "SLY2": [
      1.012433403990604,
      0.0021590361573101055
    ],
    "SLY230A": [
      0.9338491558376386,
      0.011707506717016078
    ],
    "SLY9": [
      0.4349338786910625,
      0.05452490701420831
    ]
  }
}