{
  "2D KDE": {
    "APR4_EPP": [
      1.027087663621887,
      0.054743269538711434
    ],
    "BHF_BBB2": [
      0.9612479805084633,
      0.0650734858955549
    ],
    "H4": [
      0.07220606432008164,
      0.019429400102714295
    ],
    "HQC18": [
      1.043040757870534,
      0.047035058379376
    ],
    "KDE0V": [
      1.05536636832279,
      0.029231601685621646
    ],
    "KDE0V1": [
      1.0551165294757374,
      0.03543984677296782
    ],
    "MPA1": [
      0.31730289728426264,
      0.0447918253636298
    ],
    "MS1B_PP": [
      0.011657126415408867,
      0.0071070154868505785
    ],
    "MS1_PP": [
      0.0019355274762398189,
      0.0033307499474074125
    ],
    "RS": [
      0.22966698884802123,
      0.03785318648143047
    ],
    "SK255": [
      0.23264859832100906,
      0.036578565660443804
    ],
    "SK272": [
      0.2115638882578473,
      0.03442598214419662
    ],
    "SKI2": [
      0.1406122594612146,
      0.027646178836470258
    ],
    "SKI3": [
      0.13502296468940964,
      0.026649112217475984
    ],
    "SKI4": [
      0.3926120594563612,
      0.048970483745801256
    ],
    "SKI5": [
      0.03214358269574672,
      0.012350199579970347
    ],
    "SKI6": [
      0.3421423747347486,
      0.04492275529781928
    ],
    "SKMP": [
      0.3598108214718945,
      0.04806317264833615
    ],
    "SKOP": [
      0.7847174116509227,
      0.036750529615201685
    ],
    "SLY2": [
      1.0084498924760563,
      0.0025028344518266328
    ],
    "SLY230A": [
      0.951855081853849,
      0.011600458177325707
    ],
    "SLY9": [
      0.4457540207149623,
      0.04918654640067128
    ]
  },
  "3D KDE": {
    "APR4_EPP": [
      1.1603559312349607,
      0.05774559749256663
    ],
    "BHF_BBB2": [
      1.1286681745401228,
      0.07793471119728067
    ],
    "H4": [
      0.059137632998483174,
      0.026008617729324505
    ],
    "HQC18": [
      1.156624852756072,
      0.04888328312527849
    ],
    "KDE0V": [
      1.1199795430758352,
      0.03101047737506637
    ],
    "KDE0V1": [
      1.1379728772187994,
      0.038903086250938
    ],
    "MPA1": [
      0.344015547101816,
      0.06295142584633179
    ],
    "MS1B_PP": [
      0.005818012502717165,
      0.007137258460058578
    ],
    "MS1_PP": [
      0.002024747285029225,
      0.004293925195667075
    ],
    "RS": [
      0.3623505606016517,
      0.06348967109620397
    ],
    "SK255": [
      0.3604944186721754,
      0.06486173670784046
    ],
    "SK272": [
      0.3538300616414021,
      0.06063321012288891
    ],
    "SKI2": [
      0.16662219751458873,
      0.044448010455931185
    ],
    "SKI3": [
      0.15199881954873362,
      0.04066928395907008
    ],
    "SKI4": [
      0.3912371615703951,
      0.061076109453147516
    ],
    "SKI5": [
      0.024811266364798926,
      0.016338543267222092
    ],
    "SKI6": [
      0.3572462440857047,
      0.06386262927231225
    ],
    "SKMP": [
      0.36989668152596183,
      0.06190043179420637
    ],
    "SKOP": [
      0.7599550707725574,
      0.03626696312913327
    ],
    "SLY2": [
      1.012433403990604,
      0.002455623831613816
    ],
    "SLY230A": [
      0.9338491558376386,
      0.012021644547014834
    ],
    "SLY9": [
      0.4349338786910625,
      0.06079256765255236
    ]
  }
}