{
  "2D KDE": {
    "BHF_BBB2": [
      0.9612479805084633,
      0.06280878361278641
    ]
  },
  "3D KDE": {
    "BHF_BBB2": [
      1.1286681745401228,
      0.07788168319886524
    ]
  }
}