{
  "2D KDE": {
    "BHF_BBB2": [
      0.9612479805084633,
      0.06732055996817109
    ],
    "H4": [
      0.07220606432008164,
      0.018369048265480213
    ],
    "HQC18": [
      1.043040757870534,
      0.041405046124423375
    ],
    "KDE0V": [
      1.05536636832279,
      0.03443876240977025
    ],
    "KDE0V1": [
      1.0551165294757374,
      0.04307785924830441
    ],
    "SKOP": [
      0.7847174116509227,
      0.035431578776679656
    ],
    "SLY2": [
      1.0084498924760563,
      0.0025209461820129837
    ]
  },
  "3D KDE": {
    "BHF_BBB2": [
      1.1286681745401228,
      0.06640202106440658
    ],
    "H4": [
      0.059137632998483174,
      0.027497158663270224
    ],
    "HQC18": [
      1.156624852756072,
      0.04917596003219499
    ],
    "KDE0V": [
      1.1199795430758352,
      0.032723002272876354
    ],
    "KDE0V1": [
      1.1379728772187994,
      0.035043637999827786
    ],
    "SKOP": [
      0.7599550707725574,
      0.03512410812084987
    ],
    "SLY2": [
      1.012433403990604,
      0.0026666010075407785
    ]
  }
}