{
  "2D KDE": {
    "APR4_EPP": [
      1.027087663621887,
      0.05363112991929944
    ],
    "BHF_BBB2": [
      0.9612479805084633,
      0.06439617778414118
    ],
    "H4": [
      0.07220606432008164,
      0.019567439896575084
    ],
    "HQC18": [
      1.043040757870534,
      0.04771896493559068
    ],
    "KDE0V": [
      1.05536636832279,
      0.029397982726634055
    ],
    "KDE0V1": [
      1.0551165294757374,
      0.035989882925659855
    ],
    "MPA1": [
      0.31730289728426264,
      0.04511021837981135
    ],
    "MS1B_PP": [
      0.011657126415408867,
      0.0073612242785901704
    ],
    "MS1_PP": [
      0.0019355274762398189,
      0.003157011488820592
    ],
    "RS": [
      0.22966698884802123,
      0.03716821816178945
    ],
    "SK255": [
      0.23264859832100906,
      0.037703266772452636
    ],
    "SK272": [
      0.2115638882578473,
      0.03405488085733952
    ],
    "SKI2": [
      0.1406122594612146,
      0.026686053052445976
    ],
    "SKI3": [
      0.13502296468940964,
      0.026180027737559917
    ],
    "SKI4": [
      0.3926120594563612,
      0.049601345355435256
    ],
    "SKI5": [
      0.03214358269574672,
      0.012104598701159316
    ],
    "SKI6": [
      0.3421423747347486,
      0.0458445360632319
    ],
    "SKMP": [
      0.3598108214718945,
      0.04817978275010473
    ],
    "SKOP": [
      0.7847174116509227,
      0.03570973399419478
    ],
    "SLY2": [
      1.0084498924760563,
      0.002488056514543515
    ],
    "SLY230A": [
      0.951855081853849,
      0.011846779303553392
    ],
    "SLY9": [
      0.4457540207149623,
      0.05010697034524491
    ]
  },
  "3D KDE": {
    "APR4_EPP": [
      1.1603559312349607,
      0.05918006107819777
    ],
    "BHF_BBB2": [
      1.1286681745401228,
      0.07606038520725641
    ],
    "H4": [
      0.059137632998483174,
      0.026081216464942082
    ],
    "HQC18": [
      1.156624852756072,
      0.04872400700136757
    ],
    "KDE0V": [
      1.1199795430758352,
      0.03118452839347242
    ],
    "KDE0V1": [
      1.1379728772187994,
      0.037712764030974684
    ],
    "MPA1": [
      0.344015547101816,
      0.06240625817201902
    ],
    "MS1B_PP": [
      0.005818012502717165,
      0.007466420867983943
    ],
    "MS1_PP": [
      0.002024747285029225,
      0.004386445856496277
    ],
    "RS": [
      0.3623505606016517,
      0.06379525827438219
    ],
    "SK255": [
      0.3604944186721754,
      0.06581061430401294
    ],
    "SK272": [
      0.3538300616414021,
      0.06072830040201816
    ],
    "SKI2": [
      0.16662219751458873,
      0.04225601947639538
    ],
    "SKI3": [
      0.15199881954873362,
      0.04061454548817273
    ],
    "SKI4": [
      0.3912371615703951,
      0.062162685060365375
    ],
    "SKI5": [
      0.024811266364798926,
      0.015578828149873948
    ],
    "SKI6": [
      0.3572462440857047,
      0.06355111296112156
    ],
    "SKMP": [
      0.36989668152596183,
      0.059283701089387394
    ],
    "SKOP": [
      0.7599550707725574,
      0.03650892861062309
    ],
    "SLY2": [
      1.012433403990604,
      0.002506156040930761
    ],
    "SLY230A": [
      0.9338491558376386,
      0.011329610224812438
    ],
    "SLY9": [
      0.4349338786910625,
      0.0616429181894193
    ]
  }
}