{
  "2D KDE": {
    "APR4_EPP": [
      1.027087663621887,
      0.051385615085345164
    ],
    "BHF_BBB2": [
      0.9612479805084633,
      0.062366450951072204
    ],
    "H4": [
      0.07220606432008164,
      0.01965170678149264
    ],
    "HQC18": [
      1.043040757870534,
      0.04513599442606015
    ],
    "KDE0V": [
      1.05536636832279,
      0.02999289212984139
    ],
    "MPA1": [
      0.31730289728426264,
      0.044578310493197666
    ],
    "MS1B_PP": [
      0.011657126415408867,
      0.006939066656245421
    ],
    "MS1_PP": [
      0.0019355274762398189,
      0.0031418346445178085
    ],
    "SKMP": [
      0.3598108214718945,
      0.047105635215094775
    ],
    "SKOP": [
      0.7847174116509227,
      0.03596921778143597
    ]
  },
  "3D KDE": {
    "APR4_EPP": [
      1.1603559312349607,
      0.05815843906725169
    ],
    "BHF_BBB2": [
      1.1286681745401228,
      0.07682403177774465
    ],
    "H4": [
      0.059137632998483174,
      0.025626331306515576
    ],
    "HQC18": [
      1.156624852756072,
      0.04898685738191519
    ],
    "KDE0V": [
      1.1199795430758352,
      0.03015182545667271
    ],
    "MPA1": [
      0.344015547101816,
      0.0653714056422781
    ],
    "MS1B_PP": [
      0.005818012502717165,
      0.007078777780669096
    ],
    "MS1_PP": [
      0.002024747285029225,
      0.004265340943877896
    ],
    "SKMP": [
      0.36989668152596183,
      0.06250326340582885
    ],
    "SKOP": [
      0.7599550707725574,
      0.0356871177654566
    ]
  }
}