{
  "2D KDE": {
    "BHF_BBB2": [
      0.9612479805084633,
      0.06522575864280421
    ],
    "KDE0V": [
      1.05536636832279,
      0.029228535947969637
    ],
    "KDE0V1": [
      1.0551165294757374,
      0.036943430228183444
    ]
  },
  "3D KDE": {
    "BHF_BBB2": [
      1.1286681745401228,
      0.07515569899340749
    ],
    "KDE0V": [
      1.1199795430758352,
      0.03052960085933624
    ],
    "KDE0V1": [
      1.1379728772187994,
      0.03866475060605959
    ]
  }
}