{
  "2D KDE": {
    "BHF_BBB2": [
      0.9612479805084633,
      0.06574708802694607
    ]
  },
  "3D KDE": {
    "BHF_BBB2": [
      1.1286681745401228,
      0.0805433596274346
    ]
  }
}