{
  "2D KDE": {
    "APR4_EPP": [
      1.027087663621887,
      0.05222228833833895
    ],
    "BHF_BBB2": [
      0.9612479805084633,
      0.06545786287322372
    ],
    "H4": [
      0.07220606432008164,
      0.01952835148239782
    ],
    "HQC18": [
      1.043040757870534,
      0.04540842254793754
    ],
    "KDE0V": [
      1.05536636832279,
      0.0291952750611806
    ],
    "KDE0V1": [
      1.0551165294757374,
      0.03516638325562828
    ],
    "MPA1": [
      0.31730289728426264,
      0.04380493857682886
    ],
    "MS1B_PP": [
      0.011657126415408867,
      0.007223165075484137
    ],
    "MS1_PP": [
      0.0019355274762398189,
      0.0031959143861313316
    ],
    "RS": [
      0.22966698884802123,
      0.036509252257707764
    ],
    "SK255": [
      0.23264859832100906,
      0.03659335713303672
    ],
    "SK272": [
      0.2115638882578473,
      0.034431275022032054
    ],
    "SKI2": [
      0.1406122594612146,
      0.026841903134292928
    ],
    "SKI3": [
      0.13502296468940964,
      0.0261821608951629
    ],
    "SKI4": [
      0.3926120594563612,
      0.046966907450352306
    ],
    "SKI5": [
      0.03214358269574672,
      0.012278374575720884
    ],
    "SKI6": [
      0.3421423747347486,
      0.04612698482444422
    ],
    "SKMP": [
      0.3598108214718945,
      0.04862899853382178
    ],
    "SKOP": [
      0.7847174116509227,
      0.03663860212632372
    ],
    "SLY2": [
      1.0084498924760563,
      0.0025896976753552324
    ],
    "SLY230A": [
      0.951855081853849,
      0.011958224072398367
    ],
    "SLY9": [
      0.4457540207149623,
      0.05030719763009478
    ]
  },
  "3D KDE": {
    "APR4_EPP": [
      1.1603559312349607,
      0.058320432940567435
    ],
    "BHF_BBB2": [
      1.1286681745401228,
      0.07571945924177118
    ],
    "H4": [
      0.059137632998483174,
      0.02509149408898513
    ],
    "HQC18": [
      1.156624852756072,
      0.04918142399801659
    ],
    "KDE0V": [
      1.1199795430758352,
      0.03075164793839513
    ],
    "KDE0V1": [
      1.1379728772187994,
      0.038338776119540535
    ],
    "MPA1": [
      0.344015547101816,
      0.06275450760553676
    ],
    "MS1B_PP": [
      0.005818012502717165,
      0.007091203255920816
    ],
    "MS1_PP": [
      0.002024747285029225,
      0.004181680417439773
    ],
    "RS": [
      0.3623505606016517,
      0.06472854320170868
    ],
    "SK255": [
      0.3604944186721754,
      0.0659424343882679
    ],
    "SK272": [
      0.3538300616414021,
      0.06119798754992324
    ],
    "SKI2": [
      0.16662219751458873,
      0.04128681199353281
    ],
    "SKI3": [
      0.15199881954873362,
      0.04058737996231784
    ],
    "SKI4": [
      0.3912371615703951,
      0.0602459738736135
    ],
    "SKI5": [
      0.024811266364798926,
      0.015850313386878465
    ],
    "SKI6": [
      0.3572462440857047,
      0.06151087015535156
    ],
    "SKMP": [
      0.36989668152596183,
      0.06184112468180683
    ],
    "SKOP": [
      0.7599550707725574,
      0.03483585982913009
    ],
    "SLY2": [
      1.012433403990604,
      0.0024692487270210075
    ],
    "SLY230A": [
      0.9338491558376386,
      0.011975161239642273
    ],
    "SLY9": [
      0.4349338786910625,
      0.05938238522967763
    ]
  }
}