{
  "2D KDE": {
    "APR4_EPP": [
      1.0271648815694387,
      0.053826313032637824
    ],
    "BHF_BBB2": [
      0.9613393609952247,
      0.06481416962024102
    ],
    "H4": [
      0.07218626144853689,
      0.019259818882108405
    ],
    "HQC18": [
      1.0431115716850587,
      0.045899223384907914
    ],
    "KDE0V": [
      1.0554149809040858,
      0.030323391722703392
    ],
    "MPA1": [
      0.31727777897518944,
      0.04603617071742031
    ],
    "MS1B_PP": [
      0.011653988547084307,
      0.007222122200630595
    ],
    "MS1_PP": [
      0.0019338336023550595,
      0.003151806388604886
    ],
    "SKMP": [
      0.35976929982678474,
      0.046970909453297065
    ],
    "SKOP": [
      0.7846528900860728,
      0.036134373151638755
    ]
  },
  "3D KDE": {
    "APR4_EPP": [
      1.3792604819219976,
      0.04774739167658037
    ],
    "BHF_BBB2": [
      1.4288459567222995,
      0.059873729132151034
    ],
    "H4": [
      0.07750891329600078,
      0.012003405048216148
    ],
    "HQC18": [
      1.3424256928324787,
      0.044438721706681034
    ],
    "KDE0V": [
      1.2389352652125556,
      0.027666495757427592
    ],
    "MPA1": [
      0.20825763103316802,
      0.0205858222082846
    ],
    "MS1B_PP": [
      0.010705257020851684,
      0.004352311237708095
    ],
    "MS1_PP": [
      0.0031565013574189438,
      0.002300537591510532
    ],
    "SKMP": [
      0.23935773119856263,
      0.023603178396015927
    ],
    "SKOP": [
      0.686972342784698,
      0.026614936994099316
    ]
  }
}