{
  "2D KDE": {
    "APR4_EPP": [
      1.027087663621887,
      0.05053582551993834
    ],
    "BHF_BBB2": [
      0.9612479805084633,
      0.06678897038641096
    ],
    "H4": [
      0.07220606432008164,
      0.01956142962231428
    ],
    "HQC18": [
      1.043040757870534,
      0.04721937114686548
    ],
    "KDE0V": [
      1.05536636832279,
      0.029091580978258688
    ],
    "KDE0V1": [
      1.0551165294757374,
      0.036405349547783204
    ],
    "MPA1": [
      0.31730289728426264,
      0.04394036017489121
    ],
    "MS1B_PP": [
      0.011657126415408867,
      0.00725723022367224
    ],
    "MS1_PP": [
      0.0019355274762398189,
      0.0032045737752324738
    ],
    "RS": [
      0.22966698884802123,
      0.03629239269077919
    ],
    "SK255": [
      0.23264859832100906,
      0.03618145470512305
    ],
    "SK272": [
      0.2115638882578473,
      0.03324121997218522
    ],
    "SKI2": [
      0.1406122594612146,
      0.02683752316001433
    ],
    "SKI3": [
      0.13502296468940964,
      0.026490167062358395
    ],
    "SKI4": [
      0.3926120594563612,
      0.049643622803444316
    ],
    "SKI5": [
      0.03214358269574672,
      0.012189019728717259
    ],
    "SKI6": [
      0.3421423747347486,
      0.04643403604305723
    ],
    "SKMP": [
      0.3598108214718945,
      0.047866063857284244
    ],
    "SKOP": [
      0.7847174116509227,
      0.03678253606540885
    ],
    "SLY2": [
      1.0084498924760563,
      0.002508105878343726
    ],
    "SLY230A": [
      0.951855081853849,
      0.012255341620079945
    ],
    "SLY9": [
      0.4457540207149623,
      0.05284560947645623
    ]
  },
  "3D KDE": {
    "APR4_EPP": [
      1.1603559312349607,
      0.05803318120645041
    ],
    "BHF_BBB2": [
      1.1286681745401228,
      0.0740448118241588
    ],
    "H4": [
      0.059137632998483174,
      0.025362623981537998
    ],
    "HQC18": [
      1.156624852756072,
      0.05150188104672444
    ],
    "KDE0V": [
      1.1199795430758352,
      0.029635352650359867
    ],
    "KDE0V1": [
      1.1379728772187994,
      0.03899033543025062
    ],
    "MPA1": [
      0.344015547101816,
      0.06451717933307369
    ],
    "MS1B_PP": [
      0.005818012502717165,
      0.007531945570465936
    ],
    "MS1_PP": [
      0.002024747285029225,
      0.004470283699907214
    ],
    "RS": [
      0.3623505606016517,
      0.06521782289821286
    ],
    "SK255": [
      0.3604944186721754,
      0.06244941973297704
    ],
    "SK272": [
      0.3538300616414021,
      0.0655570309816431
    ],
    "SKI2": [
      0.16662219751458873,
      0.04106004402887958
    ],
    "SKI3": [
      0.15199881954873362,
      0.039217149776132214
    ],
    "SKI4": [
      0.3912371615703951,
      0.06174603939666373
    ],
    "SKI5": [
      0.024811266364798926,
      0.015713667980966115
    ],
    "SKI6": [
      0.3572462440857047,
      0.06214562670673652
    ],
    "SKMP": [
      0.36989668152596183,
      0.06258802391110571
    ],
    "SKOP": [
      0.7599550707725574,
      0.03527281617686062
    ],
    "SLY2": [
      1.012433403990604,
      0.0024528138920768628
    ],
    "SLY230A": [
      0.9338491558376386,
      0.011693317875216947
    ],
    "SLY9": [
      0.4349338786910625,
      0.06077549903185633
    ]
  }
}