{
  "2D KDE": {
    "BHF_BBB2": [
      0.9612479805084633,
      0.06377367080176718
    ]
  },
  "3D KDE": {
    "BHF_BBB2": [
      1.1286681745401228,
      0.07754825718622621
    ]
  }
}