{
  "AP4": [
    0.007564836046987947,
    0.007363115877101379
  ],
  "APR4_EPP": [
    0.00752645200979251
  ],
  "BBB2": [
    0.007502384539175494,
    0.007267575455405401
  ],
  "BHF_BBB2": [
    0.007524850814144075
  ],
  "HQC18": [
    0.0074159697326987685
  ],
  "KDE0V": [
    0.007263954750677383
  ],
  "KDE0V1": [
    0.0075095571497944946
  ],
  "MPA1": [
    0.007490189345777917,
    0.007308461089250497
  ],
  "MS1": [
    0.007054776568241089,
    0.007114117567787638
  ],
  "MS1B": [
    0.007130253174447349
  ],
  "MS1B_PP": [
    0.0074066958725437365
  ],
  "MS1_PP": [
    0.007405457658056403
  ],
  "RS": [
    0.007450265124963991
  ],
  "SK255": [
    0.007394380425694455
  ],
  "SK272": [
    0.0073888339954919805
  ],
  "SKI2": [
    0.007438626065292143
  ],
  "SKI3": [
    0.007417408645030599
  ],
  "SKI4": [
    0.007455473509835651
  ],
  "SKI5": [
    0.007439462291789066
  ],
  "SKI6": [
    0.007493371109730404
  ],
  "SKMP": [
    0.0074372150985303805
  ],
  "SKOP": [
    0.007490357819738429
  ],
  "SLY": [
    0.007569746799454268,
    0.007336526294577487
  ],
  "SLY2": [
    0.007540650621501847
  ],
  "SLY230A": [
    0.007533631375314955
  ],
  "SLY9": [
    0.007485815163268452
  ]
}