{
  "AP4": [
    1.07830841262849,
    1.0791010761131685,
    1.0599179952172861
  ],
  "APR4_EPP": [
    1.0603118482779805,
    1.0764487972203878
  ],
  "BBB2": [
    1.06671776344053,
    1.0758842140626776,
    0.9780939925150697
  ],
  "BHF_BBB2": [
    0.9940826407926817,
    0.7569424825519817
  ],
  "HQC18": [
    1.0736368798447289,
    0.9411527541608662
  ],
  "KDE0V": [
    1.07474763367971,
    1.0570425883096708
  ],
  "KDE0V1": [
    1.0794834060772358,
    1.0475676900793467
  ],
  "MPA1": [
    0.3091303406701477,
    0.46212077528000356,
    0.3839898949787458
  ],
  "MS1": [
    0.0003119899298803652,
    0.0020268009788240943,
    0.0022766196301885404
  ],
  "MS1B": [
    0.0018353074282691257,
    0.013271402448204893
  ],
  "MS1B_PP": [
    0.01358498773189385,
    0.013271402448204893
  ],
  "MS1_PP": [
    0.0022498056416599844,
    0.0020268009788240943
  ],
  "RS": [
    0.21785728212654862,
    0.1757998592200564
  ],
  "SK255": [
    0.22048117605417938,
    0.2455151279022339
  ],
  "SK272": [
    0.20155322652616892,
    0.21660475329822826
  ],
  "SKI2": [
    0.14036772510374332,
    0.06733850906901657
  ],
  "SKI3": [
    0.13512937817276352,
    0.09258674738432267
  ],
  "SKI4": [
    0.3918030583411569,
    0.2858488245657256
  ],
  "SKI5": [
    0.03536496921537162,
    0.014819888501889382
  ],
  "SKI6": [
    0.336728825827826,
    0.2718374044058138
  ],
  "SKMP": [
    0.3562074473918646,
    0.278796930372446
  ],
  "SKOP": [
    0.7798152596632115,
    0.7754272280984135
  ],
  "SLY": [
    0.9273784645363148,
    0.9200948670125212,
    0.9726070191187586
  ],
  "SLY2": [
    1.009782551365163,
    1.0636941887924873
  ],
  "SLY230A": [
    0.9471927702597277,
    0.8550939650784966
  ],
  "SLY9": [
    0.4478723535070759,
    0.470988911405044
  ]
}