{
  "AP4": [
    1.07830841262849,
    1.0776695308170086,
    1.0599179952172861
  ],
  "APR4_EPP": [
    1.0603118482779805,
    1.0555527962127067
  ],
  "BBB2": [
    1.06671776344053,
    1.0109539423812959,
    0.9780939925150697
  ],
  "BHF_BBB2": [
    0.9940826407926817,
    0.9252450259713474
  ],
  "HQC18": [
    1.0736368798447289,
    0.5690185195453064
  ],
  "KDE0V": [
    1.07474763367971,
    1.0461281712219297
  ],
  "KDE0V1": [
    1.0794834060772358,
    0.9388983043989808
  ],
  "MPA1": [
    0.3091303406701477,
    0.3073233768841019,
    0.3839898949787458
  ],
  "MS1": [
    0.0003119899298803652,
    0.0018515718430649197,
    0.0022766196301885404
  ],
  "MS1B": [
    0.0018353074282691257,
    0.011092491411847465
  ],
  "MS1B_PP": [
    0.01358498773189385,
    0.011092491411847465
  ],
  "MS1_PP": [
    0.0022498056416599844,
    0.0018515718430649197
  ],
  "RS": [
    0.21785728212654862,
    0.18147601232246682
  ],
  "SK255": [
    0.22048117605417938,
    0.39811830097050566
  ],
  "SK272": [
    0.20155322652616892,
    0.19311815701813398
  ],
  "SKI2": [
    0.14036772510374332,
    0.08489578023593895
  ],
  "SKI3": [
    0.13512937817276352,
    0.10129273646199644
  ],
  "SKI4": [
    0.3918030583411569,
    0.34147879864288605
  ],
  "SKI5": [
    0.03536496921537162,
    0.013830559627888027
  ],
  "SKI6": [
    0.336728825827826,
    0.3170615781278424
  ],
  "SKMP": [
    0.3562074473918646,
    0.2812783467800022
  ],
  "SKOP": [
    0.7798152596632115,
    0.6065053356289444
  ],
  "SLY": [
    0.9273784645363148,
    0.8280495061161464,
    0.9726070191187586
  ],
  "SLY2": [
    1.009782551365163,
    1.0792930973704338
  ],
  "SLY230A": [
    0.9471927702597277,
    0.9165759029518197
  ],
  "SLY9": [
    0.4478723535070759,
    0.5349008901928097
  ]
}