{
  "AP4": [
    33.29487071059581,
    2.823991919587103,
    3.3909792179156932,
    3.381329084078377,
    0.007564836046987947
  ],
  "APR4_EPP": [
    33.275399244401434,
    2.881652000854998,
    3.380399843127479,
    3.2762125079818984,
    0.00752645200979251
  ],
  "BHF_BBB2": [
    33.33700457125352,
    3.2142052715754117,
    2.8393440753622485,
    2.8307263720785736,
    0.007550528979865745
  ],
  "HQC18": [
    33.282230003716776,
    2.3365928175342994,
    3.385803066170512,
    2.6856108143430295,
    0.007402112463046172
  ],
  "KDE0V1": [
    33.362076931273904,
    2.7450619796290896,
    2.8882925127948096,
    2.7512934074922732,
    0.00751250857217018
  ],
  "MPA1": [
    33.51561986643783,
    3.4054110674238833,
    3.708699908014056,
    2.402936802084108,
    0.007490189345777917
  ],
  "MS1": [
    33.92440849651022,
    3.2385770596974908,
    3.3780650684604847,
    2.096509814792764,
    0.00727678292365743
  ],
  "MS1_PP": [
    33.86711507799162,
    3.249700980956663,
    3.1030437337481174,
    2.789813238207654,
    0.00743374431948601
  ],
  "MS1B": [
    33.894135150335266,
    3.3675522350140783,
    3.0441073750935024,
    2.901664702437839,
    0.007325972839162315
  ],
  "MS1_PP": [
    33.85481533983553,
    3.2257382155221563,
    2.8174512100837896,
    2.1199716922270984,
    0.00731734453998835
  ],
  "SK255": [
    33.55080882234776,
    2.6168480380843007,
    2.8984634513449565,
    2.5282721765465537,
    0.007417271276087746
  ],
  "SK272": [
    33.569266994954276,
    2.67318642605546,
    2.9651511836224067,
    2.3967444081684723,
    0.00739118555644362
  ],
  "SKI4": [
    33.5204193117884,
    3.196031304834597,
    2.8642229273279147,
    2.8019654302220554,
    0.007490411975966648
  ],
  "SKI6": [
    33.52760130470188,
    3.120817172643776,
    3.0012770608107564,
    2.7308000928729723,
    0.007493371109730404
  ],
  "SKOP": [
    33.4589897405129,
    2.7070069457741894,
    2.7013840972339302,
    2.7031554272665996,
    0.007527593726154754
  ],
  "SLY2": [
    33.39582448514598,
    2.932230055130566,
    3.0293111553201357,
    2.6965748525965396,
    0.007446512653016464
  ],
  "SLY9": [
    33.49552512048744,
    3.0001860302746657,
    2.8961788069235976,
    2.6987165586952364,
    0.007554250692209816
  ],
  "SLY230A": [
    33.41265369457033,
    3.228009528421236,
    3.074629645920749,
    2.918099460196729,
    0.007533631375314955
  ]
}
